"","total","spread","parent_id","curated","rank"
"ASV_0001",15196897,1148,"ASV_0001","parent",1
"ASV_0002",3889402,860,"ASV_0002","parent",2
"ASV_0003",2932130,659,"ASV_0003","parent",3
"ASV_0004",2714350,649,"ASV_0004","parent",4
"ASV_0014",479167,561,"ASV_0014","parent",14
"ASV_0006",1986465,496,"ASV_0006","parent",6
"ASV_0005",2282816,483,"ASV_0005","parent",5
"ASV_0010",732610,375,"ASV_0010","parent",10
"ASV_0140",19243,258,"ASV_0001","merged",136
"ASV_0015",478064,255,"ASV_0015","parent",15
"ASV_0263",8095,245,"ASV_0263","parent",258
"ASV_0013",506852,240,"ASV_0013","parent",13
"ASV_0009",1308401,220,"ASV_0009","parent",9
"ASV_0527",2017,204,"ASV_0001","merged",510
"ASV_0012",585073,201,"ASV_0012","parent",12
"ASV_0007",1727781,172,"ASV_0007","parent",7
"ASV_0021",412858,171,"ASV_0021","parent",21
"ASV_0024",376212,156,"ASV_0024","parent",24
"ASV_0022",400631,136,"ASV_0022","parent",22
"ASV_0029",276605,134,"ASV_0029","parent",29
"ASV_0440",3236,129,"ASV_0440","parent",429
"ASV_0450",3047,128,"ASV_0450","parent",439
"ASV_0026",330643,124,"ASV_0026","parent",26
"ASV_0408",3812,124,"ASV_0408","parent",400
"ASV_0736",744,119,"ASV_0014","merged",686
"ASV_0018",463614,118,"ASV_0018","parent",18
"ASV_0031",219634,116,"ASV_0031","parent",31
"ASV_0594",1458,113,"ASV_0594","parent",565
"ASV_0168",15476,110,"ASV_0168","parent",164
"ASV_0288",6886,107,"ASV_0001","merged",283
"ASV_0020",416050,102,"ASV_0020","parent",20
"ASV_0011",727141,97,"ASV_0011","parent",11
"ASV_0207",11860,97,"ASV_0001","merged",202
"ASV_0759",653,97,"ASV_0002","merged",707
"ASV_0033",194284,95,"ASV_0033","parent",33
"ASV_0077",39534,88,"ASV_0001","merged",75
"ASV_0771",620,84,"ASV_0003","merged",718
"ASV_0032",212949,83,"ASV_0032","parent",32
"ASV_0524",2082,83,"ASV_0524","parent",507
"ASV_0017",464901,79,"ASV_0017","parent",17
"ASV_0025",375632,79,"ASV_0025","parent",25
"ASV_0124",21956,79,"ASV_0124","parent",120
"ASV_0472",2586,79,"ASV_0006","merged",461
"ASV_0035",182695,77,"ASV_0035","parent",35
"ASV_0046",104728,76,"ASV_0046","parent",45
"ASV_0131",21159,74,"ASV_0131","parent",127
"ASV_0041",115318,69,"ASV_0041","parent",41
"ASV_0030",235145,68,"ASV_0030","parent",30
"ASV_0059",61793,68,"ASV_0059","parent",58
"ASV_0096",30098,68,"ASV_0096","parent",93
"ASV_0039",127251,66,"ASV_0039","parent",39
"ASV_0115",23726,66,"ASV_0115","parent",111
"ASV_0063",55907,64,"ASV_0063","parent",61
"ASV_0054",68179,63,"ASV_0054","parent",53
"ASV_0058",63127,63,"ASV_0058","parent",57
"ASV_0065",54513,57,"ASV_0065","parent",63
"ASV_0936",300,57,"ASV_0006","merged",858
"ASV_0042",115094,56,"ASV_0042","parent",42
"ASV_0867",402,56,"ASV_0003","merged",800
"ASV_0337",5201,55,"ASV_0001","merged",332
"ASV_0149",18461,53,"ASV_0149","parent",145
"ASV_0808",532,53,"ASV_0002","merged",748
"ASV_0028",284629,49,"ASV_0028","parent",28
"ASV_0055",68123,49,"ASV_0055","parent",54
"ASV_0830",480,49,"ASV_0005","merged",769
"ASV_0451",3033,48,"ASV_0004","merged",440
"ASV_0995",245,48,"ASV_0995","parent",908
"ASV_0127",21799,47,"ASV_0127","parent",123
"ASV_1062",191,47,"ASV_0001","merged",966
"ASV_0085",36815,46,"ASV_0085","parent",82
"ASV_0534",1971,46,"ASV_0534","parent",517
"ASV_0525",2075,45,"ASV_0009","merged",508
"ASV_0644",1175,45,"ASV_0007","merged",607
"ASV_0757",656,45,"ASV_0757","parent",705
"ASV_0027",320301,44,"ASV_0027","parent",27
"ASV_0260",8245,43,"ASV_0260","parent",255
"ASV_0049",75485,41,"ASV_0049","parent",48
"ASV_0666",1061,41,"ASV_0011","merged",626
"ASV_0924",317,40,"ASV_0924","parent",848
"ASV_0138",19502,39,"ASV_0001","merged",134
"ASV_1049",200,39,"ASV_1049","parent",954
"ASV_0246",9309,38,"ASV_0246","parent",241
"ASV_0979",257,38,"ASV_0979","parent",892
"ASV_0068",49018,37,"ASV_0068","parent",66
"ASV_0342",5075,37,"ASV_0006","merged",336
"ASV_0658",1118,37,"ASV_0658","parent",619
"ASV_0819",512,37,"ASV_0819","parent",759
"ASV_0037",145476,36,"ASV_0037","parent",37
"ASV_0048",94030,36,"ASV_0048","parent",47
"ASV_0225",10571,36,"ASV_0225","parent",220
"ASV_1105",169,36,"ASV_1105","parent",1004
"ASV_0019",434554,35,"ASV_0019","parent",19
"ASV_0248",9169,35,"ASV_0248","parent",243
"ASV_0517",2125,35,"ASV_0001","merged",501
"ASV_0806",538,35,"ASV_0001","merged",746
"ASV_0016",468570,34,"ASV_0016","parent",16
"ASV_0067",50555,34,"ASV_0067","parent",65
"ASV_0087",35101,34,"ASV_0087","parent",84
"ASV_0047",103445,33,"ASV_0047","parent",46
"ASV_0261",8148,33,"ASV_0261","parent",256
"ASV_0709",871,33,"ASV_0012","merged",663
"ASV_0831",478,33,"ASV_0020","merged",770
"ASV_0071",44791,32,"ASV_0071","parent",69
"ASV_0233",10211,32,"ASV_0001","merged",228
"ASV_0311",6001,32,"ASV_0311","parent",306
"ASV_0179",14443,31,"ASV_0003","merged",175
"ASV_0312",5991,31,"ASV_0004","merged",307
"ASV_0532",1980,31,"ASV_0532","parent",515
"ASV_0357",4646,30,"ASV_0357","parent",351
"ASV_1018",218,30,"ASV_1018","parent",931
"ASV_1467",44,30,"ASV_1467","parent",1294
"ASV_0601",1416,29,"ASV_0601","parent",570
"ASV_0615",1350,29,"ASV_0615","parent",582
"ASV_0796",558,29,"ASV_0017","merged",737
"ASV_0818",516,29,"ASV_0013","merged",758
"ASV_1078",182,29,"ASV_0010","merged",980
"ASV_0780",591,28,"ASV_0018","merged",725
"ASV_0221",10751,27,"ASV_0221","parent",216
"ASV_0291",6673,27,"ASV_0291","parent",286
"ASV_0319",5807,27,"ASV_0319","parent",314
"ASV_0593",1464,27,"ASV_0593","parent",564
"ASV_0645",1171,27,"ASV_0645","parent",608
"ASV_0521",2103,26,"ASV_0001","merged",504
"ASV_0715",833,26,"ASV_0715","parent",668
"ASV_0885",378,26,"ASV_0885","parent",817
"ASV_1135",152,26,"ASV_1135","parent",1028
"ASV_1217",118,26,"ASV_1217","parent",1094
"ASV_0051",74591,25,"ASV_0051","parent",50
"ASV_0449",3073,25,"ASV_0449","parent",438
"ASV_0535",1963,25,"ASV_0002","merged",518
"ASV_0929",313,25,"ASV_0015","merged",852
"ASV_1237",113,25,"ASV_1237","parent",1111
"ASV_0100",28029,24,"ASV_0100","parent",96
"ASV_0135",20314,24,"ASV_0135","parent",131
"ASV_1113",164,24,"ASV_0009","merged",1011
"ASV_0080",38415,23,"ASV_0080","parent",77
"ASV_0122",22488,23,"ASV_0122","parent",118
"ASV_0211",11332,23,"ASV_0211","parent",206
"ASV_0252",8854,23,"ASV_0252","parent",247
"ASV_0455",2922,23,"ASV_0006","merged",444
"ASV_0050",75133,22,"ASV_0050","parent",49
"ASV_0092",31797,22,"ASV_0092","parent",89
"ASV_0128",21717,22,"ASV_0128","parent",124
"ASV_0418",3501,22,"ASV_0418","parent",410
"ASV_1480",42,22,"ASV_1480","parent",1306
"ASV_1499",39,22,"ASV_1499","parent",1321
"ASV_0040",118842,21,"ASV_0040","parent",40
"ASV_0668",1057,21,"ASV_0014","merged",628
"ASV_0729",772,21,"ASV_0006","merged",679
"ASV_0804",543,21,"ASV_0804","parent",744
"ASV_0845",445,21,"ASV_0006","merged",782
"ASV_1353",69,21,"ASV_1353","parent",1206
"ASV_0192",13157,20,"ASV_0192","parent",188
"ASV_0314",5922,20,"ASV_0314","parent",309
"ASV_0475",2569,20,"ASV_0009","merged",464
"ASV_0563",1638,20,"ASV_0002","merged",541
"ASV_0565",1630,20,"ASV_0565","parent",543
"ASV_0835",472,20,"ASV_0835","parent",773
"ASV_1009",230,20,"ASV_1009","parent",921
"ASV_1028",212,20,"ASV_1028","parent",939
"ASV_1322",79,20,"ASV_0012","merged",1180
"ASV_0056",68089,19,"ASV_0056","parent",55
"ASV_0109",25414,19,"ASV_0001","merged",105
"ASV_0116",23234,19,"ASV_0116","parent",112
"ASV_0716",813,19,"ASV_0716","parent",669
"ASV_0767",634,19,"ASV_0007","merged",714
"ASV_1537",32,19,"ASV_1537","parent",1348
"ASV_0036",172142,18,"ASV_0036","parent",36
"ASV_0111",24873,18,"ASV_0111","parent",107
"ASV_0148",18491,18,"ASV_0148","parent",144
"ASV_0874",390,18,"ASV_0002","merged",806
"ASV_1060",192,18,"ASV_1060","parent",964
"ASV_0102",27933,17,"ASV_0102","parent",98
"ASV_0171",15064,17,"ASV_0001","merged",167
"ASV_0436",3327,17,"ASV_0436","parent",426
"ASV_0458",2868,17,"ASV_0458","parent",447
"ASV_0468",2614,17,"ASV_0468","parent",457
"ASV_0840",456,17,"ASV_0840","parent",778
"ASV_1566",28,17,"ASV_1566","parent",1372
"ASV_0057",64277,16,"ASV_0057","parent",56
"ASV_0118",23212,16,"ASV_0001","merged",114
"ASV_0134",20495,16,"ASV_0134","parent",130
"ASV_0318",5809,16,"ASV_0318","parent",313
"ASV_0435",3328,16,"ASV_0435","parent",425
"ASV_0493",2367,16,"ASV_0493","parent",480
"ASV_0613",1362,16,"ASV_0613","parent",579
"ASV_0695",944,16,"ASV_0006","merged",652
"ASV_0734",746,16,"ASV_0734","parent",684
"ASV_0782",590,16,"ASV_0782","parent",726
"ASV_0820",512,16,"ASV_0022","merged",760
"ASV_0849",434,16,"ASV_0033","merged",785
"ASV_0919",326,16,"ASV_0919","parent",844
"ASV_0945",293,16,"ASV_0006","merged",864
"ASV_1016",222,16,"ASV_0029","merged",929
"ASV_1208",121,16,"ASV_0010","merged",1087
"ASV_1503",38,16,"ASV_1503","parent",1327
"ASV_0084",37710,15,"ASV_0084","parent",81
"ASV_0212",11163,15,"ASV_0212","parent",207
"ASV_0229",10441,15,"ASV_0229","parent",224
"ASV_0264",7984,15,"ASV_0264","parent",259
"ASV_0428",3381,15,"ASV_0428","parent",419
"ASV_0462",2722,15,"ASV_0462","parent",451
"ASV_0813",526,15,"ASV_0813","parent",753
"ASV_0825",501,15,"ASV_0825","parent",765
"ASV_0983",252,15,"ASV_0983","parent",896
"ASV_1021",217,15,"ASV_0024","merged",933
"ASV_1239",110,15,"ASV_1239","parent",1112
"ASV_0043",106380,14,"ASV_0043","parent",43
"ASV_0052",71702,14,"ASV_0052","parent",51
"ASV_0060",61119,14,"ASV_0060","parent",59
"ASV_0086",35119,14,"ASV_0086","parent",83
"ASV_0094",30926,14,"ASV_0094","parent",91
"ASV_0104",27690,14,"ASV_0104","parent",100
"ASV_0356",4710,14,"ASV_0356","parent",350
"ASV_0426",3398,14,"ASV_0426","parent",417
"ASV_0427",3394,14,"ASV_0427","parent",418
"ASV_0509",2234,14,"ASV_0509","parent",493
"ASV_0719",799,14,"ASV_0026","merged",671
"ASV_0876",387,14,"ASV_0876","parent",808
"ASV_0889",373,14,"ASV_0889","parent",820
"ASV_0948",289,14,"ASV_0948","parent",866
"ASV_1014",224,14,"ASV_1014","parent",927
"ASV_1361",66,14,"ASV_1361","parent",1213
"ASV_0045",105476,13,"ASV_0045","parent",44
"ASV_0133",20562,13,"ASV_0133","parent",129
"ASV_0136",20016,13,"ASV_0136","parent",132
"ASV_0151",18276,13,"ASV_0151","parent",147
"ASV_0172",15024,13,"ASV_0172","parent",168
"ASV_0198",12578,13,"ASV_0198","parent",194
"ASV_0244",9475,13,"ASV_0244","parent",239
"ASV_0414",3645,13,"ASV_0414","parent",406
"ASV_0507",2287,13,"ASV_0507","parent",491
"ASV_1089",176,13,"ASV_1089","parent",990
"ASV_1213",119,13,"ASV_0020","merged",1091
"ASV_1252",105,13,"ASV_1252","parent",1122
"ASV_1378",61,13,"ASV_0001","merged",1226
"ASV_0023",396398,12,"ASV_0023","parent",23
"ASV_0064",55821,12,"ASV_0064","parent",62
"ASV_0089",34196,12,"ASV_0089","parent",86
"ASV_0162",16573,12,"ASV_0162","parent",158
"ASV_0166",15588,12,"ASV_0166","parent",162
"ASV_0182",14107,12,"ASV_0182","parent",178
"ASV_0189",13376,12,"ASV_0189","parent",185
"ASV_0227",10561,12,"ASV_0227","parent",222
"ASV_0815",524,12,"ASV_0002","merged",755
"ASV_0975",259,12,"ASV_0975","parent",888
"ASV_1004",236,12,"ASV_1004","parent",917
"ASV_1347",71,12,"ASV_1347","parent",1201
"ASV_1356",68,12,"ASV_1356","parent",1208
"ASV_1584",25,12,"ASV_1584","parent",1388
"ASV_0034",183805,11,"ASV_0034","parent",34
"ASV_0069",47144,11,"ASV_0069","parent",67
"ASV_0117",23219,11,"ASV_0117","parent",113
"ASV_0121",22627,11,"ASV_0121","parent",117
"ASV_0123",22421,11,"ASV_0123","parent",119
"ASV_0125",21894,11,"ASV_0125","parent",121
"ASV_0145",18603,11,"ASV_0145","parent",141
"ASV_0208",11855,11,"ASV_0208","parent",203
"ASV_0217",10845,11,"ASV_0217","parent",211
"ASV_0220",10754,11,"ASV_0220","parent",215
"ASV_0269",7825,11,"ASV_0269","parent",264
"ASV_0277",7317,11,"ASV_0277","parent",272
"ASV_0363",4518,11,"ASV_0363","parent",357
"ASV_0378",4339,11,"ASV_0378","parent",372
"ASV_0486",2425,11,"ASV_0486","parent",473
"ASV_0533",1977,11,"ASV_0533","parent",516
"ASV_0543",1884,11,"ASV_0543","parent",525
"ASV_0604",1408,11,"ASV_0020","merged",572
"ASV_0972",263,11,"ASV_0007","merged",885
"ASV_1234",114,11,"ASV_1234","parent",1107
"ASV_1328",76,11,"ASV_1328","parent",1184
"ASV_1568",27,11,"ASV_1568","parent",1378
"ASV_0072",42411,10,"ASV_0072","parent",70
"ASV_0184",13748,10,"ASV_0184","parent",180
"ASV_0197",12615,10,"ASV_0197","parent",193
"ASV_0241",9613,10,"ASV_0241","parent",236
"ASV_0245",9402,10,"ASV_0245","parent",240
"ASV_0256",8505,10,"ASV_0256","parent",251
"ASV_0279",7243,10,"ASV_0279","parent",274
"ASV_0349",4851,10,"ASV_0349","parent",343
"ASV_0425",3431,10,"ASV_0425","parent",416
"ASV_0465",2650,10,"ASV_0465","parent",454
"ASV_0467",2630,10,"ASV_0467","parent",456
"ASV_0617",1345,10,"ASV_0617","parent",584
"ASV_0755",657,10,"ASV_0028","merged",703
"ASV_0812",527,10,"ASV_0035","merged",752
"ASV_0914",333,10,"ASV_0002","merged",841
"ASV_0981",253,10,"ASV_0981","parent",894
"ASV_1325",77,10,"ASV_0026","merged",1182
"ASV_1349",71,10,"ASV_1349","parent",1202
"ASV_1358",67,10,"ASV_1358","parent",1211
"ASV_1381",61,10,"ASV_0041","merged",1227
"ASV_1394",58,10,"ASV_1394","parent",1236
"ASV_1425",52,10,"ASV_0033","merged",1260
"ASV_1430",51,10,"ASV_1430","parent",1265
"ASV_1473",43,10,"ASV_0024","merged",1300
"ASV_1492",40,10,"ASV_1492","parent",1314
"ASV_0008",1433082,9,"ASV_0008","parent",8
"ASV_0251",8965,9,"ASV_0251","parent",246
"ASV_0280",7215,9,"ASV_0280","parent",275
"ASV_0346",4986,9,"ASV_0346","parent",340
"ASV_0386",4161,9,"ASV_0386","parent",380
"ASV_0464",2678,9,"ASV_0001","merged",453
"ASV_0547",1860,9,"ASV_0547","parent",528
"ASV_0598",1425,9,"ASV_0598","parent",568
"ASV_0618",1337,9,"ASV_0007","merged",585
"ASV_0788",571,9,"ASV_0788","parent",732
"ASV_0875",389,9,"ASV_0030","merged",807
"ASV_0883",380,9,"ASV_0883","parent",815
"ASV_0909",340,9,"ASV_0007","merged",837
"ASV_0969",266,9,"ASV_0039","merged",882
"ASV_1339",73,9,"ASV_1339","parent",1194
"ASV_1373",62,9,"ASV_0054","merged",1221
"ASV_1380",61,9,"ASV_1380","parent",1228
"ASV_1387",59,9,"ASV_1387","parent",1231
"ASV_1424",52,9,"ASV_1424","parent",1261
"ASV_1431",51,9,"ASV_1431","parent",1266
"ASV_1446",48,9,"ASV_1446","parent",1279
"ASV_1488",40,9,"ASV_1488","parent",1315
"ASV_1502",38,9,"ASV_1502","parent",1328
"ASV_1592",24,9,"ASV_0041","merged",1396
"ASV_1593",24,9,"ASV_0007","merged",1397
"ASV_1629",22,9,"ASV_1629","parent",1421
"ASV_1684",16,9,"ASV_1684","parent",1473
"ASV_0146",18518,8,"ASV_0146","parent",142
"ASV_0202",12448,8,"ASV_0202","parent",198
"ASV_0254",8674,8,"ASV_0254","parent",249
"ASV_0265",7946,8,"ASV_0265","parent",260
"ASV_0267",7863,8,"ASV_0267","parent",262
"ASV_0296",6515,8,"ASV_0296","parent",291
"ASV_0317",5825,8,"ASV_0317","parent",312
"ASV_0343",5054,8,"ASV_0343","parent",337
"ASV_0362",4545,8,"ASV_0001","merged",356
"ASV_0518",2124,8,"ASV_0518","parent",502
"ASV_0580",1547,8,"ASV_0580","parent",556
"ASV_0603",1408,8,"ASV_0603","parent",573
"ASV_0641",1207,8,"ASV_0641","parent",604
"ASV_0739",731,8,"ASV_0739","parent",689
"ASV_0778",594,8,"ASV_0778","parent",723
"ASV_0901",354,8,"ASV_0901","parent",831
"ASV_1112",165,8,"ASV_0048","merged",1009
"ASV_1182",131,8,"ASV_0028","merged",1062
"ASV_1212",120,8,"ASV_0071","merged",1090
"ASV_1274",95,8,"ASV_1274","parent",1139
"ASV_1379",61,8,"ASV_1379","parent",1229
"ASV_1389",59,8,"ASV_0069","merged",1232
"ASV_1490",40,8,"ASV_1490","parent",1316
"ASV_1571",27,8,"ASV_1571","parent",1379
"ASV_1677",17,8,"ASV_1677","parent",1466
"ASV_1712",14,8,"ASV_1712","parent",1491
"ASV_1740",12,8,"ASV_1740","parent",1513
"ASV_1750",11,8,"ASV_1750","parent",1521
"ASV_1767",10,8,"ASV_1767","parent",1531
"ASV_0066",51280,7,"ASV_0066","parent",64
"ASV_0083",37740,7,"ASV_0083","parent",80
"ASV_0110",25404,7,"ASV_0007","merged",106
"ASV_0160",16756,7,"ASV_0160","parent",156
"ASV_0165",15683,7,"ASV_0165","parent",161
"ASV_0185",13617,7,"ASV_0185","parent",181
"ASV_0193",12972,7,"ASV_0193","parent",189
"ASV_0253",8715,7,"ASV_0253","parent",248
"ASV_0274",7434,7,"ASV_0274","parent",269
"ASV_0301",6197,7,"ASV_0301","parent",296
"ASV_0328",5567,7,"ASV_0328","parent",323
"ASV_0335",5298,7,"ASV_0335","parent",330
"ASV_0364",4510,7,"ASV_0364","parent",358
"ASV_0568",1604,7,"ASV_0568","parent",546
"ASV_0583",1533,7,"ASV_0583","parent",558
"ASV_0683",988,7,"ASV_0683","parent",641
"ASV_0714",843,7,"ASV_0714","parent",667
"ASV_0723",782,7,"ASV_0723","parent",674
"ASV_0764",638,7,"ASV_0024","merged",711
"ASV_0896",359,7,"ASV_0896","parent",826
"ASV_0987",250,7,"ASV_0987","parent",899
"ASV_1092",175,7,"ASV_1092","parent",993
"ASV_1196",125,7,"ASV_0001","merged",1075
"ASV_1251",106,7,"ASV_1251","parent",1121
"ASV_1253",105,7,"ASV_0052","merged",1123
"ASV_1457",46,7,"ASV_0024","merged",1287
"ASV_1465",44,7,"ASV_1465","parent",1295
"ASV_1491",40,7,"ASV_1491","parent",1317
"ASV_1569",27,7,"ASV_0010","merged",1380
"ASV_1585",25,7,"ASV_1585","parent",1389
"ASV_1663",18,7,"ASV_1663","parent",1456
"ASV_1723",13,7,"ASV_1723","parent",1504
"ASV_1747",11,7,"ASV_1747","parent",1522
"ASV_0053",69564,6,"ASV_0053","parent",52
"ASV_0074",41638,6,"ASV_0074","parent",72
"ASV_0088",34724,6,"ASV_0088","parent",85
"ASV_0206",12025,6,"ASV_0206","parent",201
"ASV_0230",10434,6,"ASV_0230","parent",225
"ASV_0236",9969,6,"ASV_0236","parent",231
"ASV_0242",9519,6,"ASV_0242","parent",237
"ASV_0273",7443,6,"ASV_0273","parent",268
"ASV_0284",7096,6,"ASV_0011","merged",279
"ASV_0300",6219,6,"ASV_0300","parent",295
"ASV_0302",6166,6,"ASV_0302","parent",297
"ASV_0304",6100,6,"ASV_0304","parent",299
"ASV_0345",4995,6,"ASV_0345","parent",339
"ASV_0355",4732,6,"ASV_0355","parent",349
"ASV_0367",4490,6,"ASV_0367","parent",361
"ASV_0374",4362,6,"ASV_0374","parent",368
"ASV_0390",4125,6,"ASV_0390","parent",384
"ASV_0434",3330,6,"ASV_0434","parent",424
"ASV_0491",2376,6,"ASV_0491","parent",478
"ASV_0638",1222,6,"ASV_0638","parent",601
"ASV_0700",896,6,"ASV_0003","merged",657
"ASV_0706",877,6,"ASV_0042","merged",661
"ASV_0708",873,6,"ASV_0708","parent",662
"ASV_0746",711,6,"ASV_0030","merged",696
"ASV_0747",708,6,"ASV_0747","parent",697
"ASV_0754",664,6,"ASV_0001","merged",702
"ASV_0790",569,6,"ASV_0790","parent",733
"ASV_0803",544,6,"ASV_0803","parent",743
"ASV_0829",483,6,"ASV_0829","parent",768
"ASV_0893",366,6,"ASV_0893","parent",823
"ASV_1015",223,6,"ASV_0040","merged",928
"ASV_1046",203,6,"ASV_1046","parent",952
"ASV_1067",190,6,"ASV_0011","merged",970
"ASV_1185",130,6,"ASV_1185","parent",1066
"ASV_1283",92,6,"ASV_1283","parent",1146
"ASV_1282",92,6,"ASV_0035","merged",1147
"ASV_1405",56,6,"ASV_0032","merged",1244
"ASV_1422",53,6,"ASV_1422","parent",1258
"ASV_1445",48,6,"ASV_0022","merged",1280
"ASV_1451",47,6,"ASV_1451","parent",1283
"ASV_1521",35,6,"ASV_1521","parent",1339
"ASV_0038",134331,5,"ASV_0038","parent",38
"ASV_0142",19167,5,"ASV_0142","parent",138
"ASV_0150",18342,5,"ASV_0001","merged",146
"ASV_0303",6150,5,"ASV_0303","parent",298
"ASV_0308",6042,5,"ASV_0308","parent",303
"ASV_0316",5874,5,"ASV_0316","parent",311
"ASV_0326",5637,5,"ASV_0326","parent",321
"ASV_0397",4005,5,"ASV_0001","merged",390
"ASV_0409",3801,5,"ASV_0409","parent",401
"ASV_0411",3753,5,"ASV_0411","parent",403
"ASV_0412",3748,5,"ASV_0011","merged",404
"ASV_0416",3566,5,"ASV_0416","parent",408
"ASV_0424",3442,5,"ASV_0424","parent",415
"ASV_0504",2325,5,"ASV_0005","merged",489
"ASV_0516",2132,5,"ASV_0516","parent",500
"ASV_0537",1941,5,"ASV_0537","parent",520
"ASV_0596",1448,5,"ASV_0006","merged",567
"ASV_0614",1357,5,"ASV_0614","parent",581
"ASV_0740",728,5,"ASV_0740","parent",690
"ASV_0751",688,5,"ASV_0033","merged",699
"ASV_0760",653,5,"ASV_0760","parent",708
"ASV_0776",600,5,"ASV_0776","parent",721
"ASV_0779",592,5,"ASV_0779","parent",724
"ASV_0784",581,5,"ASV_0784","parent",728
"ASV_0809",529,5,"ASV_0071","merged",749
"ASV_0837",459,5,"ASV_0001","merged",775
"ASV_0860",423,5,"ASV_0860","parent",795
"ASV_0865",417,5,"ASV_0865","parent",798
"ASV_0940",298,5,"ASV_0940","parent",861
"ASV_1038",206,5,"ASV_0002","merged",945
"ASV_1055",196,5,"ASV_1055","parent",959
"ASV_1099",172,5,"ASV_1099","parent",998
"ASV_1129",156,5,"ASV_0027","merged",1024
"ASV_1243",109,5,"ASV_1243","parent",1116
"ASV_1292",88,5,"ASV_0111","merged",1155
"ASV_1472",43,5,"ASV_0046","merged",1301
"ASV_1497",39,5,"ASV_1497","parent",1322
"ASV_1534",32,5,"ASV_0036","merged",1349
"ASV_1556",29,5,"ASV_1556","parent",1365
"ASV_1641",20,5,"ASV_1641","parent",1436
"ASV_1656",19,5,"ASV_1656","parent",1448
"ASV_1665",18,5,"ASV_1665","parent",1457
"ASV_1763",10,5,"ASV_1763","parent",1532
"ASV_1808",8,5,"ASV_1808","parent",1551
"ASV_0062",57186,4,"ASV_0062","parent",60
"ASV_0075",41603,4,"ASV_0001","merged",73
"ASV_0082",37986,4,"ASV_0082","parent",79
"ASV_0090",33859,4,"ASV_0090","parent",87
"ASV_0174",14843,4,"ASV_0174","parent",170
"ASV_0204",12187,4,"ASV_0001","merged",200
"ASV_0255",8634,4,"ASV_0011","merged",250
"ASV_0266",7904,4,"ASV_0266","parent",261
"ASV_0276",7357,4,"ASV_0276","parent",271
"ASV_0292",6621,4,"ASV_0292","parent",287
"ASV_0330",5422,4,"ASV_0330","parent",325
"ASV_0341",5085,4,"ASV_0341","parent",335
"ASV_0365",4505,4,"ASV_0004","merged",359
"ASV_0380",4268,4,"ASV_0380","parent",374
"ASV_0385",4165,4,"ASV_0385","parent",379
"ASV_0401",3936,4,"ASV_0401","parent",394
"ASV_0407",3845,4,"ASV_0407","parent",399
"ASV_0479",2523,4,"ASV_0479","parent",468
"ASV_0510",2226,4,"ASV_0510","parent",494
"ASV_0513",2192,4,"ASV_0513","parent",497
"ASV_0531",1984,4,"ASV_0531","parent",514
"ASV_0544",1883,4,"ASV_0001","merged",526
"ASV_0561",1660,4,"ASV_0561","parent",539
"ASV_0562",1654,4,"ASV_0562","parent",540
"ASV_0659",1114,4,"ASV_0659","parent",620
"ASV_0661",1101,4,"ASV_0661","parent",622
"ASV_0681",993,4,"ASV_0067","merged",639
"ASV_0687",966,4,"ASV_0687","parent",645
"ASV_0691",960,4,"ASV_0001","merged",649
"ASV_0721",796,4,"ASV_0721","parent",672
"ASV_0722",792,4,"ASV_0001","merged",673
"ASV_0726",778,4,"ASV_0726","parent",677
"ASV_0753",666,4,"ASV_0753","parent",701
"ASV_0786",576,4,"ASV_0786","parent",730
"ASV_0850",434,4,"ASV_0850","parent",786
"ASV_0869",399,4,"ASV_0051","merged",802
"ASV_0932",311,4,"ASV_0932","parent",855
"ASV_0968",267,4,"ASV_0968","parent",881
"ASV_1088",177,4,"ASV_1088","parent",989
"ASV_1108",168,4,"ASV_1108","parent",1005
"ASV_1128",156,4,"ASV_1128","parent",1025
"ASV_1138",150,4,"ASV_0066","merged",1030
"ASV_1158",138,4,"ASV_0050","merged",1045
"ASV_1190",128,4,"ASV_1190","parent",1071
"ASV_1200",124,4,"ASV_0049","merged",1079
"ASV_1221",118,4,"ASV_1221","parent",1095
"ASV_1340",73,4,"ASV_1340","parent",1195
"ASV_1399",57,4,"ASV_0088","merged",1241
"ASV_1437",50,4,"ASV_1437","parent",1272
"ASV_1455",46,4,"ASV_1455","parent",1288
"ASV_1550",30,4,"ASV_1550","parent",1360
"ASV_1548",30,4,"ASV_1548","parent",1361
"ASV_1558",29,4,"ASV_1558","parent",1366
"ASV_1575",27,4,"ASV_1575","parent",1381
"ASV_1622",22,4,"ASV_1622","parent",1422
"ASV_1654",19,4,"ASV_0012","merged",1449
"ASV_1666",18,4,"ASV_1666","parent",1458
"ASV_1679",17,4,"ASV_1679","parent",1467
"ASV_1782",9,4,"ASV_1782","parent",1539
"ASV_1777",9,4,"ASV_1777","parent",1540
"ASV_1831",7,4,"ASV_1831","parent",1578
"ASV_1924",4,4,"ASV_0001","merged",1646
"ASV_1925",4,4,"ASV_0003","merged",1647
"ASV_0070",46642,3,"ASV_0070","parent",68
"ASV_0170",15141,3,"ASV_0170","parent",166
"ASV_0209",11706,3,"ASV_0209","parent",204
"ASV_0210",11473,3,"ASV_0210","parent",205
"ASV_0214",11008,3,"ASV_0214","parent",209
"ASV_0231",10383,3,"ASV_0231","parent",226
"ASV_0239",9653,3,"ASV_0239","parent",234
"ASV_0283",7114,3,"ASV_0011","merged",278
"ASV_0287",6910,3,"ASV_0001","merged",282
"ASV_0294",6546,3,"ASV_0294","parent",289
"ASV_0309",6034,3,"ASV_0309","parent",304
"ASV_0320",5706,3,"ASV_0320","parent",315
"ASV_0382",4220,3,"ASV_0382","parent",376
"ASV_0398",3990,3,"ASV_0001","merged",391
"ASV_0413",3671,3,"ASV_0413","parent",405
"ASV_0446",3102,3,"ASV_0446","parent",435
"ASV_0528",2015,3,"ASV_0528","parent",511
"ASV_0625",1297,3,"ASV_0625","parent",591
"ASV_0652",1147,3,"ASV_0652","parent",613
"ASV_0671",1038,3,"ASV_0008","merged",631
"ASV_0705",879,3,"ASV_0008","merged",660
"ASV_0732",751,3,"ASV_0022","merged",682
"ASV_0772",615,3,"ASV_0080","merged",719
"ASV_0783",582,3,"ASV_0783","parent",727
"ASV_0852",431,3,"ASV_0016","merged",788
"ASV_0863",420,3,"ASV_0035","merged",796
"ASV_0864",418,3,"ASV_0198","merged",797
"ASV_0918",327,3,"ASV_0918","parent",843
"ASV_0920",326,3,"ASV_0047","merged",845
"ASV_0925",317,3,"ASV_0925","parent",849
"ASV_0944",294,3,"ASV_0006","merged",863
"ASV_0953",281,3,"ASV_0953","parent",870
"ASV_0971",266,3,"ASV_0971","parent",883
"ASV_0970",266,3,"ASV_0148","merged",884
"ASV_0982",253,3,"ASV_0982","parent",895
"ASV_1075",184,3,"ASV_1075","parent",978
"ASV_1264",100,3,"ASV_0059","merged",1130
"ASV_1323",79,3,"ASV_1323","parent",1181
"ASV_1335",74,3,"ASV_0001","merged",1190
"ASV_1483",41,3,"ASV_0055","merged",1309
"ASV_1489",40,3,"ASV_1489","parent",1318
"ASV_1498",39,3,"ASV_0004","merged",1323
"ASV_1564",28,3,"ASV_1564","parent",1373
"ASV_1612",23,3,"ASV_0543","merged",1410
"ASV_1640",20,3,"ASV_1640","parent",1437
"ASV_1642",20,3,"ASV_1642","parent",1438
"ASV_1667",18,3,"ASV_1667","parent",1459
"ASV_1711",14,3,"ASV_1711","parent",1492
"ASV_1709",14,3,"ASV_0050","merged",1493
"ASV_1737",12,3,"ASV_1737","parent",1514
"ASV_1781",9,3,"ASV_1781","parent",1541
"ASV_1796",8,3,"ASV_1796","parent",1552
"ASV_1806",8,3,"ASV_1806","parent",1553
"ASV_1827",7,3,"ASV_1827","parent",1579
"ASV_1825",7,3,"ASV_1825","parent",1580
"ASV_1871",6,3,"ASV_1871","parent",1599
"ASV_1863",6,3,"ASV_1863","parent",1600
"ASV_1890",5,3,"ASV_0092","merged",1621
"ASV_1922",4,3,"ASV_1922","parent",1648
"ASV_1915",4,3,"ASV_1915","parent",1649
"ASV_0091",33661,2,"ASV_0091","parent",88
"ASV_0112",24815,2,"ASV_0001","merged",108
"ASV_0137",19911,2,"ASV_0137","parent",133
"ASV_0153",18119,2,"ASV_0153","parent",149
"ASV_0228",10451,2,"ASV_0006","merged",223
"ASV_0235",10082,2,"ASV_0235","parent",230
"ASV_0275",7364,2,"ASV_0001","merged",270
"ASV_0281",7189,2,"ASV_0001","merged",276
"ASV_0299",6251,2,"ASV_0299","parent",294
"ASV_0307",6059,2,"ASV_0307","parent",302
"ASV_0322",5686,2,"ASV_0322","parent",317
"ASV_0325",5652,2,"ASV_0325","parent",320
"ASV_0331",5367,2,"ASV_0001","merged",326
"ASV_0358",4634,2,"ASV_0358","parent",352
"ASV_0456",2891,2,"ASV_0001","merged",445
"ASV_0461",2753,2,"ASV_0461","parent",450
"ASV_0466",2647,2,"ASV_0026","merged",455
"ASV_0485",2456,2,"ASV_0485","parent",472
"ASV_0495",2362,2,"ASV_0009","merged",481
"ASV_0496",2360,2,"ASV_0496","parent",482
"ASV_0498",2355,2,"ASV_0498","parent",483
"ASV_0523",2091,2,"ASV_0523","parent",506
"ASV_0551",1801,2,"ASV_0003","merged",532
"ASV_0556",1749,2,"ASV_0556","parent",535
"ASV_0557",1736,2,"ASV_0002","merged",536
"ASV_0608",1372,2,"ASV_0608","parent",575
"ASV_0616",1348,2,"ASV_0616","parent",583
"ASV_0620",1336,2,"ASV_0620","parent",587
"ASV_0642",1200,2,"ASV_0642","parent",605
"ASV_0663",1078,2,"ASV_0663","parent",624
"ASV_0670",1053,2,"ASV_0670","parent",630
"ASV_0727",778,2,"ASV_0054","merged",678
"ASV_0735",745,2,"ASV_0012","merged",685
"ASV_0763",638,2,"ASV_0054","merged",712
"ASV_0802",548,2,"ASV_0001","merged",742
"ASV_0805",540,2,"ASV_0006","merged",745
"ASV_0834",473,2,"ASV_0834","parent",772
"ASV_0877",386,2,"ASV_0005","merged",809
"ASV_0888",374,2,"ASV_0888","parent",819
"ASV_0890",371,2,"ASV_0890","parent",821
"ASV_0899",356,2,"ASV_0001","merged",829
"ASV_0900",356,2,"ASV_0014","merged",830
"ASV_0989",249,2,"ASV_0006","merged",901
"ASV_1000",244,2,"ASV_1000","parent",913
"ASV_1017",222,2,"ASV_0004","merged",930
"ASV_1041",205,2,"ASV_0121","merged",948
"ASV_1050",199,2,"ASV_0116","merged",955
"ASV_1109",167,2,"ASV_1109","parent",1007
"ASV_1159",138,2,"ASV_0001","merged",1046
"ASV_1377",62,2,"ASV_1377","parent",1222
"ASV_1479",42,2,"ASV_1479","parent",1307
"ASV_1510",37,2,"ASV_1510","parent",1330
"ASV_1616",23,2,"ASV_1616","parent",1411
"ASV_1649",20,2,"ASV_1649","parent",1439
"ASV_1659",19,2,"ASV_0007","merged",1450
"ASV_1675",17,2,"ASV_0121","merged",1468
"ASV_1695",16,2,"ASV_0006","merged",1474
"ASV_1724",13,2,"ASV_1724","parent",1505
"ASV_1739",12,2,"ASV_0020","merged",1515
"ASV_1794",8,2,"ASV_1794","parent",1554
"ASV_1859",6,2,"ASV_1859","parent",1601
"ASV_1898",5,2,"ASV_1898","parent",1622
"ASV_1887",5,2,"ASV_0020","merged",1623
"ASV_1941",4,2,"ASV_1941","parent",1650
"ASV_1918",4,2,"ASV_0011","merged",1651
"ASV_1969",3,2,"ASV_0002","merged",1677
"ASV_1963",3,2,"ASV_1963","parent",1678
"ASV_1959",3,2,"ASV_1959","parent",1679
"ASV_2034",2,2,"ASV_0149","merged",1721
"ASV_2036",2,2,"ASV_0046","merged",1722
"ASV_2025",2,2,"ASV_1347","merged",1723
"ASV_2028",2,2,"ASV_2028","parent",1724
"ASV_2035",2,2,"ASV_2035","parent",1725
"ASV_0073",42051,1,"ASV_0001","merged",71
"ASV_0076",40844,1,"ASV_0076","parent",74
"ASV_0078",39386,1,"ASV_0078","parent",76
"ASV_0081",38169,1,"ASV_0081","parent",78
"ASV_0093",31315,1,"ASV_0016","merged",90
"ASV_0095",30180,1,"ASV_0001","merged",92
"ASV_0097",28633,1,"ASV_0097","parent",94
"ASV_0098",28498,1,"ASV_0098","parent",95
"ASV_0101",28007,1,"ASV_0001","merged",97
"ASV_0103",27804,1,"ASV_0090","merged",99
"ASV_0105",27320,1,"ASV_0090","merged",101
"ASV_0106",26873,1,"ASV_0106","parent",102
"ASV_0107",25663,1,"ASV_0021","merged",103
"ASV_0108",25513,1,"ASV_0108","parent",104
"ASV_0113",24445,1,"ASV_0113","parent",109
"ASV_0114",24062,1,"ASV_0114","parent",110
"ASV_0119",23012,1,"ASV_0119","parent",115
"ASV_0120",22853,1,"ASV_0120","parent",116
"ASV_0126",21830,1,"ASV_0126","parent",122
"ASV_0129",21496,1,"ASV_0129","parent",125
"ASV_0130",21246,1,"ASV_0124","merged",126
"ASV_0132",20846,1,"ASV_0001","merged",128
"ASV_0139",19478,1,"ASV_0139","parent",135
"ASV_0141",19205,1,"ASV_0141","parent",137
"ASV_0143",19092,1,"ASV_0143","parent",139
"ASV_0144",18769,1,"ASV_0144","parent",140
"ASV_0147",18499,1,"ASV_0147","parent",143
"ASV_0152",18179,1,"ASV_0152","parent",148
"ASV_0154",17833,1,"ASV_0001","merged",150
"ASV_0155",17660,1,"ASV_0155","parent",151
"ASV_0156",17633,1,"ASV_0156","parent",152
"ASV_0157",17589,1,"ASV_0157","parent",153
"ASV_0158",17529,1,"ASV_0158","parent",154
"ASV_0159",17207,1,"ASV_0027","merged",155
"ASV_0161",16687,1,"ASV_0016","merged",157
"ASV_0163",16398,1,"ASV_0163","parent",159
"ASV_0164",16311,1,"ASV_0164","parent",160
"ASV_0167",15555,1,"ASV_0009","merged",163
"ASV_0169",15403,1,"ASV_0169","parent",165
"ASV_0173",15005,1,"ASV_0173","parent",169
"ASV_0175",14677,1,"ASV_0175","parent",171
"ASV_0176",14597,1,"ASV_0001","merged",172
"ASV_0177",14539,1,"ASV_0004","merged",173
"ASV_0178",14465,1,"ASV_0178","parent",174
"ASV_0180",14288,1,"ASV_0180","parent",176
"ASV_0181",14202,1,"ASV_0011","merged",177
"ASV_0183",13929,1,"ASV_0183","parent",179
"ASV_0186",13454,1,"ASV_0186","parent",182
"ASV_0187",13427,1,"ASV_0011","merged",183
"ASV_0188",13417,1,"ASV_0188","parent",184
"ASV_0190",13198,1,"ASV_0190","parent",186
"ASV_0191",13174,1,"ASV_0005","merged",187
"ASV_0194",12768,1,"ASV_0194","parent",190
"ASV_0195",12763,1,"ASV_0195","parent",191
"ASV_0196",12687,1,"ASV_0001","merged",192
"ASV_0199",12575,1,"ASV_0106","merged",195
"ASV_0200",12551,1,"ASV_0200","parent",196
"ASV_0201",12467,1,"ASV_0007","merged",197
"ASV_0203",12387,1,"ASV_0004","merged",199
"ASV_0213",11009,1,"ASV_0003","merged",208
"ASV_0215",10858,1,"ASV_0001","merged",210
"ASV_0216",10845,1,"ASV_0011","merged",212
"ASV_0218",10829,1,"ASV_0218","parent",213
"ASV_0219",10827,1,"ASV_0219","parent",214
"ASV_0222",10751,1,"ASV_0222","parent",217
"ASV_0223",10663,1,"ASV_0223","parent",218
"ASV_0224",10626,1,"ASV_0224","parent",219
"ASV_0226",10567,1,"ASV_0226","parent",221
"ASV_0232",10216,1,"ASV_0232","parent",227
"ASV_0234",10171,1,"ASV_0234","parent",229
"ASV_0237",9798,1,"ASV_0237","parent",232
"ASV_0238",9710,1,"ASV_0021","merged",233
"ASV_0240",9617,1,"ASV_0018","merged",235
"ASV_0243",9515,1,"ASV_0004","merged",238
"ASV_0247",9258,1,"ASV_0004","merged",242
"ASV_0249",9065,1,"ASV_0001","merged",244
"ASV_0250",9037,1,"ASV_0250","parent",245
"ASV_0257",8494,1,"ASV_0257","parent",252
"ASV_0258",8457,1,"ASV_0001","merged",253
"ASV_0259",8252,1,"ASV_0032","merged",254
"ASV_0262",8137,1,"ASV_0262","parent",257
"ASV_0268",7837,1,"ASV_0268","parent",263
"ASV_0270",7658,1,"ASV_0270","parent",265
"ASV_0271",7591,1,"ASV_0001","merged",266
"ASV_0272",7545,1,"ASV_0272","parent",267
"ASV_0278",7255,1,"ASV_0278","parent",273
"ASV_0282",7187,1,"ASV_0035","merged",277
"ASV_0285",7078,1,"ASV_0285","parent",280
"ASV_0286",7071,1,"ASV_0002","merged",281
"ASV_0289",6876,1,"ASV_0289","parent",284
"ASV_0290",6728,1,"ASV_0001","merged",285
"ASV_0293",6553,1,"ASV_0293","parent",288
"ASV_0295",6519,1,"ASV_0021","merged",290
"ASV_0297",6508,1,"ASV_0297","parent",292
"ASV_0298",6390,1,"ASV_0005","merged",293
"ASV_0305",6072,1,"ASV_0001","merged",300
"ASV_0306",6070,1,"ASV_0004","merged",301
"ASV_0310",6014,1,"ASV_0310","parent",305
"ASV_0313",5985,1,"ASV_0001","merged",308
"ASV_0315",5895,1,"ASV_0315","parent",310
"ASV_0321",5700,1,"ASV_0001","merged",316
"ASV_0323",5684,1,"ASV_0315","merged",318
"ASV_0324",5668,1,"ASV_0324","parent",319
"ASV_0327",5580,1,"ASV_0327","parent",322
"ASV_0329",5455,1,"ASV_0329","parent",324
"ASV_0332",5365,1,"ASV_0332","parent",327
"ASV_0333",5339,1,"ASV_0333","parent",328
"ASV_0334",5327,1,"ASV_0334","parent",329
"ASV_0336",5237,1,"ASV_0336","parent",331
"ASV_0338",5179,1,"ASV_0338","parent",333
"ASV_0339",5175,1,"ASV_0339","parent",334
"ASV_0344",5040,1,"ASV_0344","parent",338
"ASV_0347",4938,1,"ASV_0347","parent",341
"ASV_0348",4875,1,"ASV_0004","merged",342
"ASV_0350",4829,1,"ASV_0350","parent",344
"ASV_0351",4820,1,"ASV_0351","parent",345
"ASV_0352",4807,1,"ASV_0148","merged",346
"ASV_0353",4753,1,"ASV_0353","parent",347
"ASV_0354",4742,1,"ASV_0354","parent",348
"ASV_0359",4628,1,"ASV_0021","merged",353
"ASV_0360",4617,1,"ASV_0360","parent",354
"ASV_0361",4552,1,"ASV_0361","parent",355
"ASV_0366",4502,1,"ASV_0366","parent",360
"ASV_0368",4451,1,"ASV_0368","parent",362
"ASV_0369",4437,1,"ASV_0369","parent",363
"ASV_0370",4434,1,"ASV_0001","merged",364
"ASV_0371",4429,1,"ASV_0004","merged",365
"ASV_0372",4396,1,"ASV_0372","parent",366
"ASV_0373",4365,1,"ASV_0373","parent",367
"ASV_0375",4357,1,"ASV_0003","merged",369
"ASV_0376",4351,1,"ASV_0376","parent",370
"ASV_0377",4345,1,"ASV_0056","merged",371
"ASV_0379",4296,1,"ASV_0379","parent",373
"ASV_0381",4248,1,"ASV_0381","parent",375
"ASV_0383",4200,1,"ASV_0009","merged",377
"ASV_0384",4187,1,"ASV_0384","parent",378
"ASV_0387",4154,1,"ASV_0001","merged",381
"ASV_0388",4151,1,"ASV_0018","merged",382
"ASV_0389",4149,1,"ASV_0005","merged",383
"ASV_0391",4105,1,"ASV_0391","parent",385
"ASV_0393",4080,1,"ASV_0055","merged",386
"ASV_0394",4051,1,"ASV_0394","parent",387
"ASV_0395",4039,1,"ASV_0001","merged",388
"ASV_0396",4035,1,"ASV_0396","parent",389
"ASV_0399",3985,1,"ASV_0071","merged",392
"ASV_0400",3972,1,"ASV_0071","merged",393
"ASV_0402",3936,1,"ASV_0039","merged",395
"ASV_0403",3909,1,"ASV_0403","parent",396
"ASV_0404",3895,1,"ASV_0004","merged",397
"ASV_0405",3877,1,"ASV_0405","parent",398
"ASV_0410",3766,1,"ASV_0004","merged",402
"ASV_0415",3585,1,"ASV_0004","merged",407
"ASV_0417",3542,1,"ASV_0001","merged",409
"ASV_0419",3498,1,"ASV_0011","merged",411
"ASV_0420",3481,1,"ASV_0420","parent",412
"ASV_0421",3462,1,"ASV_0421","parent",413
"ASV_0423",3450,1,"ASV_0001","merged",414
"ASV_0430",3370,1,"ASV_0430","parent",420
"ASV_0431",3363,1,"ASV_0026","merged",421
"ASV_0432",3348,1,"ASV_0031","merged",422
"ASV_0433",3338,1,"ASV_0433","parent",423
"ASV_0437",3321,1,"ASV_0437","parent",427
"ASV_0439",3293,1,"ASV_0001","merged",428
"ASV_0441",3187,1,"ASV_0441","parent",430
"ASV_0442",3179,1,"ASV_0442","parent",431
"ASV_0443",3179,1,"ASV_0011","merged",432
"ASV_0444",3176,1,"ASV_0015","merged",433
"ASV_0445",3119,1,"ASV_0445","parent",434
"ASV_0447",3089,1,"ASV_0447","parent",436
"ASV_0448",3076,1,"ASV_0448","parent",437
"ASV_0452",2969,1,"ASV_0452","parent",441
"ASV_0453",2962,1,"ASV_0453","parent",442
"ASV_0454",2941,1,"ASV_0454","parent",443
"ASV_0457",2886,1,"ASV_0068","merged",446
"ASV_0459",2771,1,"ASV_0001","merged",448
"ASV_0460",2755,1,"ASV_0004","merged",449
"ASV_0463",2711,1,"ASV_0002","merged",452
"ASV_0469",2610,1,"ASV_0004","merged",458
"ASV_0470",2593,1,"ASV_0470","parent",459
"ASV_0471",2589,1,"ASV_0001","merged",460
"ASV_0473",2585,1,"ASV_0001","merged",462
"ASV_0474",2580,1,"ASV_0011","merged",463
"ASV_0476",2565,1,"ASV_0476","parent",465
"ASV_0477",2562,1,"ASV_0477","parent",466
"ASV_0478",2550,1,"ASV_0021","merged",467
"ASV_0480",2520,1,"ASV_0002","merged",469
"ASV_0483",2471,1,"ASV_0483","parent",470
"ASV_0484",2467,1,"ASV_0001","merged",471
"ASV_0487",2402,1,"ASV_0001","merged",474
"ASV_0488",2396,1,"ASV_0015","merged",475
"ASV_0489",2385,1,"ASV_0001","merged",476
"ASV_0490",2380,1,"ASV_0111","merged",477
"ASV_0492",2371,1,"ASV_0001","merged",479
"ASV_0499",2352,1,"ASV_0499","parent",484
"ASV_0500",2350,1,"ASV_0500","parent",485
"ASV_0501",2343,1,"ASV_0501","parent",486
"ASV_0502",2330,1,"ASV_0502","parent",487
"ASV_0503",2326,1,"ASV_0001","merged",488
"ASV_0505",2321,1,"ASV_0004","merged",490
"ASV_0508",2255,1,"ASV_0508","parent",492
"ASV_0511",2221,1,"ASV_0001","merged",495
"ASV_0512",2201,1,"ASV_0512","parent",496
"ASV_0514",2168,1,"ASV_0004","merged",498
"ASV_0515",2148,1,"ASV_0515","parent",499
"ASV_0520",2107,1,"ASV_0031","merged",503
"ASV_0522",2099,1,"ASV_0522","parent",505
"ASV_0526",2065,1,"ASV_0526","parent",509
"ASV_0529",2008,1,"ASV_0529","parent",512
"ASV_0530",1988,1,"ASV_0530","parent",513
"ASV_0536",1944,1,"ASV_0001","merged",519
"ASV_0538",1926,1,"ASV_0034","merged",521
"ASV_0539",1922,1,"ASV_0539","parent",522
"ASV_0541",1917,1,"ASV_0541","parent",523
"ASV_0542",1895,1,"ASV_0032","merged",524
"ASV_0546",1863,1,"ASV_0004","merged",527
"ASV_0548",1857,1,"ASV_0009","merged",529
"ASV_0549",1846,1,"ASV_0019","merged",530
"ASV_0550",1811,1,"ASV_0550","parent",531
"ASV_0553",1780,1,"ASV_0111","merged",533
"ASV_0554",1776,1,"ASV_0055","merged",534
"ASV_0559",1704,1,"ASV_0057","merged",537
"ASV_0560",1676,1,"ASV_0025","merged",538
"ASV_0564",1631,1,"ASV_0001","merged",542
"ASV_0566",1621,1,"ASV_0566","parent",544
"ASV_0567",1607,1,"ASV_0007","merged",545
"ASV_0569",1604,1,"ASV_0111","merged",547
"ASV_0570",1603,1,"ASV_0001","merged",548
"ASV_0572",1594,1,"ASV_0018","merged",549
"ASV_0573",1585,1,"ASV_0573","parent",550
"ASV_0574",1584,1,"ASV_0010","merged",551
"ASV_0575",1572,1,"ASV_0575","parent",552
"ASV_0576",1565,1,"ASV_0576","parent",553
"ASV_0578",1557,1,"ASV_0001","merged",554
"ASV_0579",1552,1,"ASV_0579","parent",555
"ASV_0582",1534,1,"ASV_0582","parent",557
"ASV_0584",1514,1,"ASV_0004","merged",559
"ASV_0585",1499,1,"ASV_0002","merged",560
"ASV_0586",1493,1,"ASV_0586","parent",561
"ASV_0591",1467,1,"ASV_0591","parent",562
"ASV_0592",1466,1,"ASV_0592","parent",563
"ASV_0595",1454,1,"ASV_0012","merged",566
"ASV_0600",1420,1,"ASV_0600","parent",569
"ASV_0602",1415,1,"ASV_0602","parent",571
"ASV_0605",1394,1,"ASV_0605","parent",574
"ASV_0609",1365,1,"ASV_0437","merged",576
"ASV_0610",1365,1,"ASV_0610","parent",577
"ASV_0611",1363,1,"ASV_0611","parent",578
"ASV_0612",1362,1,"ASV_0046","merged",580
"ASV_0619",1337,1,"ASV_0619","parent",586
"ASV_0622",1311,1,"ASV_0622","parent",588
"ASV_0623",1310,1,"ASV_0623","parent",589
"ASV_0624",1301,1,"ASV_0624","parent",590
"ASV_0626",1294,1,"ASV_0003","merged",592
"ASV_0628",1289,1,"ASV_0034","merged",593
"ASV_0627",1289,1,"ASV_0627","parent",594
"ASV_0629",1285,1,"ASV_0008","merged",595
"ASV_0630",1273,1,"ASV_0630","parent",596
"ASV_0632",1269,1,"ASV_0212","merged",597
"ASV_0635",1258,1,"ASV_0001","merged",598
"ASV_0636",1251,1,"ASV_0001","merged",599
"ASV_0637",1226,1,"ASV_0006","merged",600
"ASV_0639",1217,1,"ASV_0004","merged",602
"ASV_0640",1213,1,"ASV_0640","parent",603
"ASV_0643",1184,1,"ASV_0001","merged",606
"ASV_0646",1166,1,"ASV_0021","merged",609
"ASV_0648",1160,1,"ASV_0001","merged",610
"ASV_0649",1154,1,"ASV_0003","merged",611
"ASV_0650",1148,1,"ASV_0650","parent",612
"ASV_0653",1147,1,"ASV_0029","merged",614
"ASV_0651",1147,1,"ASV_0004","merged",615
"ASV_0654",1134,1,"ASV_0148","merged",616
"ASV_0656",1125,1,"ASV_0656","parent",617
"ASV_0657",1125,1,"ASV_0657","parent",618
"ASV_0660",1108,1,"ASV_0086","merged",621
"ASV_0662",1092,1,"ASV_0579","merged",623
"ASV_0665",1068,1,"ASV_0001","merged",625
"ASV_0667",1061,1,"ASV_0001","merged",627
"ASV_0669",1055,1,"ASV_0669","parent",629
"ASV_0672",1029,1,"ASV_0672","parent",632
"ASV_0673",1023,1,"ASV_0001","merged",633
"ASV_0674",1022,1,"ASV_0038","merged",634
"ASV_0675",1014,1,"ASV_0004","merged",635
"ASV_0676",1014,1,"ASV_0676","parent",636
"ASV_0677",1009,1,"ASV_0677","parent",637
"ASV_0678",997,1,"ASV_0678","parent",638
"ASV_0682",991,1,"ASV_0002","merged",640
"ASV_0684",987,1,"ASV_0378","merged",642
"ASV_0685",982,1,"ASV_0004","merged",643
"ASV_0686",968,1,"ASV_0686","parent",644
"ASV_0688",965,1,"ASV_0591","merged",646
"ASV_0690",963,1,"ASV_0008","merged",647
"ASV_0689",963,1,"ASV_0001","merged",648
"ASV_0692",956,1,"ASV_0019","merged",650
"ASV_0693",954,1,"ASV_0019","merged",651
"ASV_0696",932,1,"ASV_0001","merged",653
"ASV_0698",904,1,"ASV_0008","merged",654
"ASV_0697",904,1,"ASV_0001","merged",655
"ASV_0699",897,1,"ASV_0013","merged",656
"ASV_0701",895,1,"ASV_0245","merged",658
"ASV_0703",885,1,"ASV_0703","parent",659
"ASV_0711",860,1,"ASV_0035","merged",664
"ASV_0712",858,1,"ASV_0001","merged",665
"ASV_0713",855,1,"ASV_0713","parent",666
"ASV_0718",805,1,"ASV_0001","merged",670
"ASV_0725",779,1,"ASV_0600","merged",675
"ASV_0724",779,1,"ASV_0004","merged",676
"ASV_0730",765,1,"ASV_0730","parent",680
"ASV_0731",762,1,"ASV_0001","merged",681
"ASV_0733",750,1,"ASV_0005","merged",683
"ASV_0737",742,1,"ASV_0737","parent",687
"ASV_0738",741,1,"ASV_0001","merged",688
"ASV_0741",728,1,"ASV_0148","merged",691
"ASV_0742",724,1,"ASV_0117","merged",692
"ASV_0743",723,1,"ASV_0001","merged",693
"ASV_0744",722,1,"ASV_0124","merged",694
"ASV_0745",720,1,"ASV_0003","merged",695
"ASV_0750",693,1,"ASV_0001","merged",698
"ASV_0752",675,1,"ASV_0008","merged",700
"ASV_0756",657,1,"ASV_0019","merged",704
"ASV_0758",656,1,"ASV_0115","merged",706
"ASV_0761",653,1,"ASV_0164","merged",709
"ASV_0762",642,1,"ASV_0001","merged",710
"ASV_0765",636,1,"ASV_0003","merged",713
"ASV_0768",633,1,"ASV_0008","merged",715
"ASV_0769",627,1,"ASV_0001","merged",716
"ASV_0770",621,1,"ASV_0018","merged",717
"ASV_0773",605,1,"ASV_0009","merged",720
"ASV_0777",596,1,"ASV_0001","merged",722
"ASV_0785",581,1,"ASV_0002","merged",729
"ASV_0787",574,1,"ASV_0787","parent",731
"ASV_0791",567,1,"ASV_0151","merged",734
"ASV_0793",564,1,"ASV_0008","merged",735
"ASV_0795",561,1,"ASV_0795","parent",736
"ASV_0797",556,1,"ASV_0001","merged",738
"ASV_0799",554,1,"ASV_0162","merged",739
"ASV_0800",551,1,"ASV_0022","merged",740
"ASV_0801",549,1,"ASV_0004","merged",741
"ASV_0807",538,1,"ASV_0019","merged",747
"ASV_0810",529,1,"ASV_0810","parent",750
"ASV_0811",528,1,"ASV_0811","parent",751
"ASV_0814",526,1,"ASV_0004","merged",754
"ASV_0816",524,1,"ASV_0816","parent",756
"ASV_0817",517,1,"ASV_0817","parent",757
"ASV_0821",509,1,"ASV_0821","parent",761
"ASV_0822",508,1,"ASV_0009","merged",762
"ASV_0823",507,1,"ASV_0008","merged",763
"ASV_0824",502,1,"ASV_0133","merged",764
"ASV_0827",494,1,"ASV_0020","merged",766
"ASV_0828",491,1,"ASV_0032","merged",767
"ASV_0832",476,1,"ASV_0004","merged",771
"ASV_0836",471,1,"ASV_0836","parent",774
"ASV_0839",457,1,"ASV_0034","merged",776
"ASV_0838",457,1,"ASV_0189","merged",777
"ASV_0841",455,1,"ASV_0008","merged",779
"ASV_0842",453,1,"ASV_0019","merged",780
"ASV_0843",448,1,"ASV_0035","merged",781
"ASV_0846",440,1,"ASV_0846","parent",783
"ASV_0847",439,1,"ASV_0308","merged",784
"ASV_0851",432,1,"ASV_0001","merged",787
"ASV_0854",431,1,"ASV_0004","merged",789
"ASV_0853",431,1,"ASV_0223","merged",790
"ASV_0856",429,1,"ASV_0019","merged",791
"ASV_0855",429,1,"ASV_0019","merged",792
"ASV_0858",425,1,"ASV_0001","merged",793
"ASV_0859",424,1,"ASV_0008","merged",794
"ASV_0866",411,1,"ASV_0866","parent",799
"ASV_0868",400,1,"ASV_0327","merged",801
"ASV_0871",399,1,"ASV_0009","merged",803
"ASV_0872",397,1,"ASV_0001","merged",804
"ASV_0873",391,1,"ASV_0202","merged",805
"ASV_0878",386,1,"ASV_0011","merged",810
"ASV_0880",384,1,"ASV_0019","merged",811
"ASV_0879",384,1,"ASV_0001","merged",812
"ASV_0881",383,1,"ASV_0881","parent",813
"ASV_0882",382,1,"ASV_0001","merged",814
"ASV_0884",380,1,"ASV_0008","merged",816
"ASV_0886",377,1,"ASV_0135","merged",818
"ASV_0891",370,1,"ASV_0001","merged",822
"ASV_0895",366,1,"ASV_0017","merged",824
"ASV_0894",366,1,"ASV_0037","merged",825
"ASV_0897",359,1,"ASV_0897","parent",827
"ASV_0898",358,1,"ASV_0067","merged",828
"ASV_0903",351,1,"ASV_0019","merged",832
"ASV_0904",348,1,"ASV_0003","merged",833
"ASV_0905",347,1,"ASV_0208","merged",834
"ASV_0906",344,1,"ASV_0002","merged",835
"ASV_0908",342,1,"ASV_0241","merged",836
"ASV_0910",340,1,"ASV_0378","merged",838
"ASV_0912",339,1,"ASV_0004","merged",839
"ASV_0913",334,1,"ASV_0026","merged",840
"ASV_0917",329,1,"ASV_0917","parent",842
"ASV_0921",325,1,"ASV_0003","merged",846
"ASV_0922",319,1,"ASV_0016","merged",847
"ASV_0927",315,1,"ASV_0004","merged",850
"ASV_0928",314,1,"ASV_0001","merged",851
"ASV_0931",313,1,"ASV_0004","merged",853
"ASV_0930",313,1,"ASV_0001","merged",854
"ASV_0934",307,1,"ASV_0034","merged",856
"ASV_0935",307,1,"ASV_0003","merged",857
"ASV_0937",300,1,"ASV_0019","merged",859
"ASV_0938",300,1,"ASV_0014","merged",860
"ASV_0941",295,1,"ASV_0003","merged",862
"ASV_0946",292,1,"ASV_0276","merged",865
"ASV_0949",287,1,"ASV_0090","merged",867
"ASV_0951",286,1,"ASV_0242","merged",868
"ASV_0952",282,1,"ASV_0952","parent",869
"ASV_0954",281,1,"ASV_0380","merged",871
"ASV_0955",277,1,"ASV_0001","merged",872
"ASV_0956",277,1,"ASV_0002","merged",873
"ASV_0957",275,1,"ASV_0002","merged",874
"ASV_0959",274,1,"ASV_0032","merged",875
"ASV_0963",271,1,"ASV_0008","merged",876
"ASV_0962",271,1,"ASV_0001","merged",877
"ASV_0967",268,1,"ASV_0219","merged",878
"ASV_0966",268,1,"ASV_0001","merged",879
"ASV_0965",268,1,"ASV_0033","merged",880
"ASV_0973",261,1,"ASV_0064","merged",886
"ASV_0974",260,1,"ASV_0266","merged",887
"ASV_0977",259,1,"ASV_0004","merged",889
"ASV_0976",259,1,"ASV_0146","merged",890
"ASV_0978",258,1,"ASV_0153","merged",891
"ASV_0980",257,1,"ASV_0001","merged",893
"ASV_0984",251,1,"ASV_0008","merged",897
"ASV_0985",251,1,"ASV_0009","merged",898
"ASV_0986",250,1,"ASV_0002","merged",900
"ASV_0988",249,1,"ASV_0267","merged",902
"ASV_0990",248,1,"ASV_0268","merged",903
"ASV_0993",247,1,"ASV_0024","merged",904
"ASV_0991",247,1,"ASV_0092","merged",905
"ASV_0992",247,1,"ASV_0992","parent",906
"ASV_0994",246,1,"ASV_0272","merged",907
"ASV_0999",245,1,"ASV_0106","merged",909
"ASV_0997",245,1,"ASV_0001","merged",910
"ASV_0996",245,1,"ASV_0011","merged",911
"ASV_0998",245,1,"ASV_0998","parent",912
"ASV_1001",242,1,"ASV_0017","merged",914
"ASV_1002",241,1,"ASV_0002","merged",915
"ASV_1003",240,1,"ASV_0008","merged",916
"ASV_1005",233,1,"ASV_1005","parent",918
"ASV_1006",232,1,"ASV_0277","merged",919
"ASV_1007",231,1,"ASV_1007","parent",920
"ASV_1008",230,1,"ASV_0010","merged",922
"ASV_1010",229,1,"ASV_0003","merged",923
"ASV_1011",228,1,"ASV_1011","parent",924
"ASV_1013",226,1,"ASV_0024","merged",925
"ASV_1012",226,1,"ASV_0302","merged",926
"ASV_1019",218,1,"ASV_0307","merged",932
"ASV_1022",216,1,"ASV_0202","merged",934
"ASV_1025",214,1,"ASV_0001","merged",935
"ASV_1026",214,1,"ASV_0001","merged",936
"ASV_1024",214,1,"ASV_0092","merged",937
"ASV_1027",213,1,"ASV_0026","merged",938
"ASV_1029",212,1,"ASV_0279","merged",940
"ASV_1031",211,1,"ASV_0324","merged",941
"ASV_1033",210,1,"ASV_1033","parent",942
"ASV_1034",209,1,"ASV_0053","merged",943
"ASV_1035",207,1,"ASV_0019","merged",944
"ASV_1037",206,1,"ASV_0031","merged",946
"ASV_1040",206,1,"ASV_1040","parent",947
"ASV_1043",205,1,"ASV_0001","merged",949
"ASV_1042",205,1,"ASV_1042","parent",950
"ASV_1044",204,1,"ASV_0008","merged",951
"ASV_1048",201,1,"ASV_0008","merged",953
"ASV_1052",198,1,"ASV_0001","merged",956
"ASV_1051",198,1,"ASV_0001","merged",957
"ASV_1054",197,1,"ASV_0317","merged",958
"ASV_1057",196,1,"ASV_0001","merged",960
"ASV_1056",196,1,"ASV_0001","merged",961
"ASV_1058",195,1,"ASV_0009","merged",962
"ASV_1059",193,1,"ASV_0124","merged",963
"ASV_1061",192,1,"ASV_1061","parent",965
"ASV_1065",191,1,"ASV_0001","merged",967
"ASV_1064",191,1,"ASV_0003","merged",968
"ASV_1063",191,1,"ASV_0274","merged",969
"ASV_1068",189,1,"ASV_0001","merged",971
"ASV_1071",188,1,"ASV_1071","parent",972
"ASV_1069",188,1,"ASV_0004","merged",973
"ASV_1070",188,1,"ASV_0308","merged",974
"ASV_1073",187,1,"ASV_0003","merged",975
"ASV_1072",187,1,"ASV_0327","merged",976
"ASV_1074",185,1,"ASV_0341","merged",977
"ASV_1076",184,1,"ASV_1076","parent",979
"ASV_1080",182,1,"ASV_0330","merged",981
"ASV_1079",182,1,"ASV_0051","merged",982
"ASV_1081",181,1,"ASV_0009","merged",983
"ASV_1082",180,1,"ASV_0355","merged",984
"ASV_1085",179,1,"ASV_0004","merged",985
"ASV_1084",179,1,"ASV_0001","merged",986
"ASV_1086",178,1,"ASV_0058","merged",987
"ASV_1087",178,1,"ASV_1087","parent",988
"ASV_1090",176,1,"ASV_0030","merged",991
"ASV_1091",176,1,"ASV_0030","merged",992
"ASV_1094",175,1,"ASV_0001","merged",994
"ASV_1093",175,1,"ASV_0001","merged",995
"ASV_1096",174,1,"ASV_0084","merged",996
"ASV_1095",174,1,"ASV_0022","merged",997
"ASV_1100",172,1,"ASV_0021","merged",999
"ASV_1098",172,1,"ASV_0315","merged",1000
"ASV_1102",171,1,"ASV_0094","merged",1001
"ASV_1101",171,1,"ASV_0369","merged",1002
"ASV_1103",170,1,"ASV_1103","parent",1003
"ASV_1107",168,1,"ASV_0333","merged",1006
"ASV_1110",167,1,"ASV_0012","merged",1008
"ASV_1111",165,1,"ASV_0315","merged",1010
"ASV_1114",164,1,"ASV_1114","parent",1012
"ASV_1115",163,1,"ASV_1115","parent",1013
"ASV_1116",162,1,"ASV_0185","merged",1014
"ASV_1119",162,1,"ASV_1119","parent",1015
"ASV_1117",162,1,"ASV_0338","merged",1016
"ASV_1122",159,1,"ASV_0017","merged",1017
"ASV_1120",159,1,"ASV_0071","merged",1018
"ASV_1121",159,1,"ASV_0405","merged",1019
"ASV_1123",158,1,"ASV_1123","parent",1020
"ASV_1125",158,1,"ASV_0001","merged",1021
"ASV_1127",157,1,"ASV_0016","merged",1022
"ASV_1126",157,1,"ASV_0002","merged",1023
"ASV_1130",156,1,"ASV_0001","merged",1026
"ASV_1131",155,1,"ASV_1131","parent",1027
"ASV_1137",151,1,"ASV_0121","merged",1029
"ASV_1139",149,1,"ASV_0005","merged",1031
"ASV_1141",148,1,"ASV_0004","merged",1032
"ASV_1140",148,1,"ASV_0010","merged",1033
"ASV_1143",147,1,"ASV_0020","merged",1034
"ASV_1146",145,1,"ASV_0001","merged",1035
"ASV_1145",145,1,"ASV_0030","merged",1036
"ASV_1147",144,1,"ASV_0367","merged",1037
"ASV_1150",143,1,"ASV_0004","merged",1038
"ASV_1149",143,1,"ASV_0009","merged",1039
"ASV_1148",143,1,"ASV_0031","merged",1040
"ASV_1153",142,1,"ASV_0116","merged",1041
"ASV_1154",141,1,"ASV_0430","merged",1042
"ASV_1156",139,1,"ASV_0029","merged",1043
"ASV_1157",139,1,"ASV_0212","merged",1044
"ASV_1163",137,1,"ASV_0013","merged",1047
"ASV_1162",137,1,"ASV_0136","merged",1048
"ASV_1164",137,1,"ASV_0001","merged",1049
"ASV_1166",137,1,"ASV_1166","parent",1050
"ASV_1167",136,1,"ASV_0005","merged",1051
"ASV_1168",136,1,"ASV_0004","merged",1052
"ASV_1171",135,1,"ASV_0022","merged",1053
"ASV_1173",135,1,"ASV_0170","merged",1054
"ASV_1172",135,1,"ASV_0001","merged",1055
"ASV_1170",135,1,"ASV_0374","merged",1056
"ASV_1174",134,1,"ASV_0001","merged",1057
"ASV_1175",134,1,"ASV_0026","merged",1058
"ASV_1177",133,1,"ASV_0037","merged",1059
"ASV_1179",132,1,"ASV_1179","parent",1060
"ASV_1178",132,1,"ASV_1178","parent",1061
"ASV_1181",131,1,"ASV_0014","merged",1063
"ASV_1180",131,1,"ASV_0343","merged",1064
"ASV_1184",131,1,"ASV_1184","parent",1065
"ASV_1186",130,1,"ASV_0413","merged",1067
"ASV_1188",130,1,"ASV_0024","merged",1068
"ASV_1187",130,1,"ASV_1187","parent",1069
"ASV_1189",129,1,"ASV_0127","merged",1070
"ASV_1191",127,1,"ASV_0001","merged",1072
"ASV_1193",126,1,"ASV_0014","merged",1073
"ASV_1195",126,1,"ASV_0004","merged",1074
"ASV_1199",125,1,"ASV_0002","merged",1076
"ASV_1197",125,1,"ASV_0037","merged",1077
"ASV_1198",125,1,"ASV_1198","parent",1078
"ASV_1203",124,1,"ASV_0004","merged",1080
"ASV_1202",124,1,"ASV_0038","merged",1081
"ASV_1201",124,1,"ASV_0026","merged",1082
"ASV_1204",123,1,"ASV_0123","merged",1083
"ASV_1205",122,1,"ASV_0145","merged",1084
"ASV_1207",122,1,"ASV_0011","merged",1085
"ASV_1206",122,1,"ASV_0394","merged",1086
"ASV_1209",121,1,"ASV_1209","parent",1088
"ASV_1210",121,1,"ASV_0018","merged",1089
"ASV_1214",119,1,"ASV_0001","merged",1092
"ASV_1215",119,1,"ASV_1215","parent",1093
"ASV_1224",118,1,"ASV_0641","merged",1096
"ASV_1219",118,1,"ASV_0003","merged",1097
"ASV_1220",118,1,"ASV_0046","merged",1098
"ASV_1218",118,1,"ASV_0071","merged",1099
"ASV_1222",118,1,"ASV_1222","parent",1100
"ASV_1225",118,1,"ASV_1225","parent",1101
"ASV_1227",116,1,"ASV_0002","merged",1102
"ASV_1226",116,1,"ASV_0526","merged",1103
"ASV_1230",115,1,"ASV_0001","merged",1104
"ASV_1228",115,1,"ASV_0424","merged",1105
"ASV_1229",115,1,"ASV_0446","merged",1106
"ASV_1235",114,1,"ASV_1235","parent",1108
"ASV_1233",114,1,"ASV_0012","merged",1109
"ASV_1236",114,1,"ASV_0081","merged",1110
"ASV_1242",110,1,"ASV_0005","merged",1113
"ASV_1240",110,1,"ASV_0003","merged",1114
"ASV_1241",110,1,"ASV_0003","merged",1115
"ASV_1244",109,1,"ASV_1244","parent",1117
"ASV_1249",107,1,"ASV_0014","merged",1118
"ASV_1246",107,1,"ASV_0002","merged",1119
"ASV_1247",107,1,"ASV_1247","parent",1120
"ASV_1254",105,1,"ASV_0001","merged",1124
"ASV_1255",104,1,"ASV_0014","merged",1125
"ASV_1256",104,1,"ASV_0016","merged",1126
"ASV_1258",103,1,"ASV_0152","merged",1127
"ASV_1261",102,1,"ASV_0022","merged",1128
"ASV_1262",101,1,"ASV_0017","merged",1129
"ASV_1266",99,1,"ASV_1266","parent",1131
"ASV_1265",99,1,"ASV_0014","merged",1132
"ASV_1269",98,1,"ASV_0081","merged",1133
"ASV_1268",98,1,"ASV_0002","merged",1134
"ASV_1267",98,1,"ASV_0182","merged",1135
"ASV_1270",97,1,"ASV_0006","merged",1136
"ASV_1272",97,1,"ASV_0007","merged",1137
"ASV_1273",96,1,"ASV_1273","parent",1138
"ASV_1275",95,1,"ASV_0010","merged",1140
"ASV_1276",95,1,"ASV_0002","merged",1141
"ASV_1277",94,1,"ASV_0031","merged",1142
"ASV_1280",93,1,"ASV_0022","merged",1143
"ASV_1279",93,1,"ASV_0500","merged",1144
"ASV_1278",93,1,"ASV_0031","merged",1145
"ASV_1286",92,1,"ASV_0014","merged",1148
"ASV_1285",92,1,"ASV_0001","merged",1149
"ASV_1284",92,1,"ASV_0027","merged",1150
"ASV_1287",91,1,"ASV_0005","merged",1151
"ASV_1288",90,1,"ASV_0119","merged",1152
"ASV_1290",89,1,"ASV_0004","merged",1153
"ASV_1289",89,1,"ASV_1289","parent",1154
"ASV_1291",88,1,"ASV_1291","parent",1156
"ASV_1294",86,1,"ASV_0011","merged",1157
"ASV_1297",86,1,"ASV_0017","merged",1158
"ASV_1296",86,1,"ASV_0001","merged",1159
"ASV_1299",85,1,"ASV_0014","merged",1160
"ASV_1300",85,1,"ASV_0158","merged",1161
"ASV_1298",85,1,"ASV_0068","merged",1162
"ASV_1301",85,1,"ASV_0025","merged",1163
"ASV_1306",84,1,"ASV_0001","merged",1164
"ASV_1304",84,1,"ASV_0005","merged",1165
"ASV_1303",84,1,"ASV_0782","merged",1166
"ASV_1308",83,1,"ASV_0002","merged",1167
"ASV_1312",82,1,"ASV_0004","merged",1168
"ASV_1313",82,1,"ASV_0001","merged",1169
"ASV_1311",82,1,"ASV_0006","merged",1170
"ASV_1314",82,1,"ASV_0021","merged",1171
"ASV_1310",82,1,"ASV_0501","merged",1172
"ASV_1318",81,1,"ASV_0129","merged",1173
"ASV_1317",81,1,"ASV_0001","merged",1174
"ASV_1316",81,1,"ASV_0082","merged",1175
"ASV_1315",81,1,"ASV_0046","merged",1176
"ASV_1319",81,1,"ASV_1319","parent",1177
"ASV_1321",80,1,"ASV_0038","merged",1178
"ASV_1320",80,1,"ASV_1320","parent",1179
"ASV_1324",77,1,"ASV_0002","merged",1183
"ASV_1330",76,1,"ASV_0014","merged",1185
"ASV_1331",76,1,"ASV_0014","merged",1186
"ASV_1329",76,1,"ASV_0034","merged",1187
"ASV_1326",76,1,"ASV_0001","merged",1188
"ASV_1333",75,1,"ASV_1333","parent",1189
"ASV_1336",74,1,"ASV_0001","merged",1191
"ASV_1338",74,1,"ASV_0001","merged",1192
"ASV_1334",74,1,"ASV_1334","parent",1193
"ASV_1342",73,1,"ASV_0014","merged",1196
"ASV_1341",73,1,"ASV_0008","merged",1197
"ASV_1344",72,1,"ASV_0001","merged",1198
"ASV_1343",72,1,"ASV_0039","merged",1199
"ASV_1345",72,1,"ASV_1345","parent",1200
"ASV_1350",71,1,"ASV_0015","merged",1203
"ASV_1348",71,1,"ASV_0031","merged",1204
"ASV_1351",70,1,"ASV_0001","merged",1205
"ASV_1354",69,1,"ASV_0141","merged",1207
"ASV_1355",68,1,"ASV_0001","merged",1209
"ASV_1357",68,1,"ASV_1357","parent",1210
"ASV_1359",67,1,"ASV_0033","merged",1212
"ASV_1364",65,1,"ASV_1364","parent",1214
"ASV_1363",65,1,"ASV_0032","merged",1215
"ASV_1368",64,1,"ASV_0004","merged",1216
"ASV_1367",64,1,"ASV_0001","merged",1217
"ASV_1366",64,1,"ASV_0029","merged",1218
"ASV_1369",64,1,"ASV_1369","parent",1219
"ASV_1371",63,1,"ASV_0136","merged",1220
"ASV_1375",62,1,"ASV_0009","merged",1223
"ASV_1374",62,1,"ASV_0013","merged",1224
"ASV_1376",62,1,"ASV_0146","merged",1225
"ASV_1385",60,1,"ASV_0180","merged",1230
"ASV_1391",59,1,"ASV_0128","merged",1233
"ASV_1390",59,1,"ASV_0113","merged",1234
"ASV_1388",59,1,"ASV_0006","merged",1235
"ASV_1395",58,1,"ASV_1395","parent",1237
"ASV_1398",58,1,"ASV_0011","merged",1238
"ASV_1392",58,1,"ASV_0586","merged",1239
"ASV_1393",58,1,"ASV_1393","parent",1240
"ASV_1402",57,1,"ASV_0003","merged",1242
"ASV_1401",57,1,"ASV_0021","merged",1243
"ASV_1406",56,1,"ASV_1406","parent",1245
"ASV_1407",56,1,"ASV_0001","merged",1246
"ASV_1404",56,1,"ASV_0314","merged",1247
"ASV_1414",55,1,"ASV_0080","merged",1248
"ASV_1410",55,1,"ASV_1410","parent",1249
"ASV_1413",55,1,"ASV_0011","merged",1250
"ASV_1408",55,1,"ASV_0003","merged",1251
"ASV_1415",55,1,"ASV_0035","merged",1252
"ASV_1411",55,1,"ASV_0009","merged",1253
"ASV_1417",54,1,"ASV_1417","parent",1254
"ASV_1418",54,1,"ASV_0001","merged",1255
"ASV_1419",54,1,"ASV_0001","merged",1256
"ASV_1420",54,1,"ASV_0001","merged",1257
"ASV_1421",53,1,"ASV_0092","merged",1259
"ASV_1426",52,1,"ASV_0011","merged",1262
"ASV_1427",52,1,"ASV_0030","merged",1263
"ASV_1423",52,1,"ASV_0267","merged",1264
"ASV_1435",51,1,"ASV_1435","parent",1267
"ASV_1432",51,1,"ASV_0001","merged",1268
"ASV_1429",51,1,"ASV_0523","merged",1269
"ASV_1433",51,1,"ASV_0025","merged",1270
"ASV_1434",51,1,"ASV_0025","merged",1271
"ASV_1438",50,1,"ASV_0003","merged",1273
"ASV_1440",50,1,"ASV_0165","merged",1274
"ASV_1439",50,1,"ASV_1439","parent",1275
"ASV_1441",49,1,"ASV_0032","merged",1276
"ASV_1443",49,1,"ASV_1443","parent",1277
"ASV_1442",49,1,"ASV_0222","merged",1278
"ASV_1449",48,1,"ASV_0148","merged",1281
"ASV_1447",48,1,"ASV_0001","merged",1282
"ASV_1453",47,1,"ASV_0014","merged",1284
"ASV_1452",47,1,"ASV_1452","parent",1285
"ASV_1450",47,1,"ASV_0012","merged",1286
"ASV_1456",46,1,"ASV_0002","merged",1289
"ASV_1458",46,1,"ASV_1458","parent",1290
"ASV_1463",45,1,"ASV_0239","merged",1291
"ASV_1460",45,1,"ASV_0014","merged",1292
"ASV_1461",45,1,"ASV_0004","merged",1293
"ASV_1471",44,1,"ASV_1471","parent",1296
"ASV_1469",44,1,"ASV_0244","merged",1297
"ASV_1470",44,1,"ASV_1470","parent",1298
"ASV_1468",44,1,"ASV_0048","merged",1299
"ASV_1475",43,1,"ASV_0021","merged",1302
"ASV_1474",43,1,"ASV_0119","merged",1303
"ASV_1476",43,1,"ASV_0001","merged",1304
"ASV_1477",43,1,"ASV_0011","merged",1305
"ASV_1481",42,1,"ASV_0223","merged",1308
"ASV_1487",41,1,"ASV_1487","parent",1310
"ASV_1486",41,1,"ASV_0008","merged",1311
"ASV_1484",41,1,"ASV_0209","merged",1312
"ASV_1485",41,1,"ASV_0006","merged",1313
"ASV_1493",40,1,"ASV_0031","merged",1319
"ASV_1494",40,1,"ASV_0036","merged",1320
"ASV_1496",39,1,"ASV_0001","merged",1324
"ASV_1501",39,1,"ASV_0001","merged",1325
"ASV_1500",39,1,"ASV_0496","merged",1326
"ASV_1505",38,1,"ASV_1505","parent",1329
"ASV_1509",37,1,"ASV_0314","merged",1331
"ASV_1511",37,1,"ASV_0015","merged",1332
"ASV_1519",36,1,"ASV_1519","parent",1333
"ASV_1517",36,1,"ASV_1517","parent",1334
"ASV_1516",36,1,"ASV_0001","merged",1335
"ASV_1515",36,1,"ASV_0009","merged",1336
"ASV_1518",36,1,"ASV_1518","parent",1337
"ASV_1514",36,1,"ASV_0002","merged",1338
"ASV_1523",35,1,"ASV_1523","parent",1340
"ASV_1522",35,1,"ASV_0063","merged",1341
"ASV_1525",35,1,"ASV_0009","merged",1342
"ASV_1524",35,1,"ASV_1524","parent",1343
"ASV_1526",34,1,"ASV_0134","merged",1344
"ASV_1530",34,1,"ASV_0237","merged",1345
"ASV_1528",34,1,"ASV_0018","merged",1346
"ASV_1533",33,1,"ASV_1533","parent",1347
"ASV_1544",32,1,"ASV_0237","merged",1350
"ASV_1542",32,1,"ASV_1542","parent",1351
"ASV_1538",32,1,"ASV_0104","merged",1352
"ASV_1539",32,1,"ASV_1539","parent",1353
"ASV_1536",32,1,"ASV_0304","merged",1354
"ASV_1535",32,1,"ASV_0330","merged",1355
"ASV_1540",32,1,"ASV_1540","parent",1356
"ASV_1541",32,1,"ASV_1541","parent",1357
"ASV_1547",31,1,"ASV_1547","parent",1358
"ASV_1546",31,1,"ASV_1546","parent",1359
"ASV_1552",30,1,"ASV_0014","merged",1362
"ASV_1553",30,1,"ASV_1553","parent",1363
"ASV_1549",30,1,"ASV_1549","parent",1364
"ASV_1557",29,1,"ASV_0123","merged",1367
"ASV_1559",29,1,"ASV_0143","merged",1368
"ASV_1555",29,1,"ASV_0005","merged",1369
"ASV_1560",29,1,"ASV_1560","parent",1370
"ASV_1561",29,1,"ASV_1561","parent",1371
"ASV_1567",28,1,"ASV_1567","parent",1374
"ASV_1565",28,1,"ASV_1565","parent",1375
"ASV_1563",28,1,"ASV_0001","merged",1376
"ASV_1562",28,1,"ASV_1395","merged",1377
"ASV_1573",27,1,"ASV_1573","parent",1382
"ASV_1577",27,1,"ASV_1577","parent",1383
"ASV_1572",27,1,"ASV_1572","parent",1384
"ASV_1578",27,1,"ASV_1578","parent",1385
"ASV_1581",26,1,"ASV_1581","parent",1386
"ASV_1580",26,1,"ASV_0033","merged",1387
"ASV_1590",25,1,"ASV_0384","merged",1390
"ASV_1582",25,1,"ASV_0029","merged",1391
"ASV_1589",25,1,"ASV_0981","merged",1392
"ASV_1586",25,1,"ASV_0038","merged",1393
"ASV_1588",25,1,"ASV_0257","merged",1394
"ASV_1591",25,1,"ASV_1591","parent",1395
"ASV_1600",24,1,"ASV_0021","merged",1398
"ASV_1601",24,1,"ASV_0030","merged",1399
"ASV_1596",24,1,"ASV_0338","merged",1400
"ASV_1606",24,1,"ASV_0084","merged",1401
"ASV_1605",24,1,"ASV_0507","merged",1402
"ASV_1604",24,1,"ASV_1604","parent",1403
"ASV_1597",24,1,"ASV_0119","merged",1404
"ASV_1599",24,1,"ASV_0001","merged",1405
"ASV_1602",24,1,"ASV_0047","merged",1406
"ASV_1594",24,1,"ASV_1594","parent",1407
"ASV_1595",24,1,"ASV_1595","parent",1408
"ASV_1598",24,1,"ASV_1598","parent",1409
"ASV_1610",23,1,"ASV_0318","merged",1412
"ASV_1619",23,1,"ASV_0214","merged",1413
"ASV_1615",23,1,"ASV_0011","merged",1414
"ASV_1614",23,1,"ASV_1614","parent",1415
"ASV_1611",23,1,"ASV_1611","parent",1416
"ASV_1613",23,1,"ASV_1613","parent",1417
"ASV_1617",23,1,"ASV_0001","merged",1418
"ASV_1620",23,1,"ASV_1620","parent",1419
"ASV_1618",23,1,"ASV_1618","parent",1420
"ASV_1630",22,1,"ASV_0113","merged",1423
"ASV_1625",22,1,"ASV_0015","merged",1424
"ASV_1624",22,1,"ASV_0274","merged",1425
"ASV_1628",22,1,"ASV_1628","parent",1426
"ASV_1627",22,1,"ASV_0006","merged",1427
"ASV_1623",22,1,"ASV_0268","merged",1428
"ASV_1631",22,1,"ASV_0031","merged",1429
"ASV_1626",22,1,"ASV_1626","parent",1430
"ASV_1635",21,1,"ASV_1635","parent",1431
"ASV_1639",21,1,"ASV_0476","merged",1432
"ASV_1636",21,1,"ASV_1636","parent",1433
"ASV_1633",21,1,"ASV_1633","parent",1434
"ASV_1638",21,1,"ASV_1638","parent",1435
"ASV_1648",20,1,"ASV_0017","merged",1440
"ASV_1643",20,1,"ASV_0080","merged",1441
"ASV_1650",20,1,"ASV_0454","merged",1442
"ASV_1652",20,1,"ASV_1652","parent",1443
"ASV_1647",20,1,"ASV_0001","merged",1444
"ASV_1644",20,1,"ASV_0001","merged",1445
"ASV_1646",20,1,"ASV_0186","merged",1446
"ASV_1645",20,1,"ASV_0173","merged",1447
"ASV_1660",19,1,"ASV_0026","merged",1451
"ASV_1658",19,1,"ASV_1658","parent",1452
"ASV_1661",19,1,"ASV_1661","parent",1453
"ASV_1657",19,1,"ASV_1657","parent",1454
"ASV_1655",19,1,"ASV_1655","parent",1455
"ASV_1671",18,1,"ASV_1671","parent",1460
"ASV_1669",18,1,"ASV_0141","merged",1461
"ASV_1668",18,1,"ASV_1668","parent",1462
"ASV_1664",18,1,"ASV_0121","merged",1463
"ASV_1670",18,1,"ASV_1670","parent",1464
"ASV_1673",18,1,"ASV_1673","parent",1465
"ASV_1678",17,1,"ASV_1678","parent",1469
"ASV_1676",17,1,"ASV_1676","parent",1470
"ASV_1674",17,1,"ASV_1674","parent",1471
"ASV_1680",17,1,"ASV_0031","merged",1472
"ASV_1690",16,1,"ASV_0071","merged",1475
"ASV_1689",16,1,"ASV_0016","merged",1476
"ASV_1697",16,1,"ASV_0036","merged",1477
"ASV_1686",16,1,"ASV_0263","merged",1478
"ASV_1698",16,1,"ASV_0378","merged",1479
"ASV_1687",16,1,"ASV_1687","parent",1480
"ASV_1691",16,1,"ASV_0008","merged",1481
"ASV_1688",16,1,"ASV_0128","merged",1482
"ASV_1685",16,1,"ASV_0007","merged",1483
"ASV_1694",16,1,"ASV_1694","parent",1484
"ASV_1693",16,1,"ASV_1693","parent",1485
"ASV_1700",15,1,"ASV_0001","merged",1486
"ASV_1703",15,1,"ASV_1703","parent",1487
"ASV_1702",15,1,"ASV_0080","merged",1488
"ASV_1701",15,1,"ASV_0373","merged",1489
"ASV_1705",15,1,"ASV_1705","parent",1490
"ASV_1719",14,1,"ASV_1719","parent",1494
"ASV_1715",14,1,"ASV_0014","merged",1495
"ASV_1720",14,1,"ASV_0004","merged",1496
"ASV_1717",14,1,"ASV_0539","merged",1497
"ASV_1707",14,1,"ASV_0279","merged",1498
"ASV_1710",14,1,"ASV_1710","parent",1499
"ASV_1708",14,1,"ASV_1708","parent",1500
"ASV_1706",14,1,"ASV_0453","merged",1501
"ASV_1713",14,1,"ASV_1713","parent",1502
"ASV_1721",14,1,"ASV_1721","parent",1503
"ASV_1734",13,1,"ASV_0001","merged",1506
"ASV_1725",13,1,"ASV_0266","merged",1507
"ASV_1726",13,1,"ASV_1726","parent",1508
"ASV_1731",13,1,"ASV_0129","merged",1509
"ASV_1728",13,1,"ASV_1728","parent",1510
"ASV_1730",13,1,"ASV_0052","merged",1511
"ASV_1727",13,1,"ASV_0272","merged",1512
"ASV_1742",12,1,"ASV_1742","parent",1516
"ASV_1738",12,1,"ASV_0013","merged",1517
"ASV_1741",12,1,"ASV_0123","merged",1518
"ASV_1743",12,1,"ASV_0001","merged",1519
"ASV_1744",12,1,"ASV_0129","merged",1520
"ASV_1758",11,1,"ASV_0001","merged",1523
"ASV_1752",11,1,"ASV_0260","merged",1524
"ASV_1748",11,1,"ASV_0011","merged",1525
"ASV_1749",11,1,"ASV_1749","parent",1526
"ASV_1751",11,1,"ASV_1751","parent",1527
"ASV_1761",11,1,"ASV_0001","merged",1528
"ASV_1755",11,1,"ASV_1755","parent",1529
"ASV_1760",11,1,"ASV_1760","parent",1530
"ASV_1771",10,1,"ASV_1771","parent",1533
"ASV_1766",10,1,"ASV_1766","parent",1534
"ASV_1762",10,1,"ASV_0253","merged",1535
"ASV_1768",10,1,"ASV_1768","parent",1536
"ASV_1764",10,1,"ASV_0119","merged",1537
"ASV_1765",10,1,"ASV_1765","parent",1538
"ASV_1780",9,1,"ASV_0016","merged",1542
"ASV_1774",9,1,"ASV_0262","merged",1543
"ASV_1783",9,1,"ASV_0031","merged",1544
"ASV_1787",9,1,"ASV_1787","parent",1545
"ASV_1772",9,1,"ASV_1772","parent",1546
"ASV_1778",9,1,"ASV_1778","parent",1547
"ASV_1779",9,1,"ASV_1779","parent",1548
"ASV_1773",9,1,"ASV_1773","parent",1549
"ASV_1790",9,1,"ASV_1790","parent",1550
"ASV_1822",8,1,"ASV_0036","merged",1555
"ASV_1812",8,1,"ASV_0129","merged",1556
"ASV_1791",8,1,"ASV_0004","merged",1557
"ASV_1795",8,1,"ASV_0004","merged",1558
"ASV_1792",8,1,"ASV_0002","merged",1559
"ASV_1820",8,1,"ASV_1820","parent",1560
"ASV_1821",8,1,"ASV_1821","parent",1561
"ASV_1813",8,1,"ASV_0003","merged",1562
"ASV_1809",8,1,"ASV_0019","merged",1563
"ASV_1802",8,1,"ASV_1802","parent",1564
"ASV_1807",8,1,"ASV_1807","parent",1565
"ASV_1823",8,1,"ASV_0001","merged",1566
"ASV_1800",8,1,"ASV_1800","parent",1567
"ASV_1793",8,1,"ASV_0001","merged",1568
"ASV_1797",8,1,"ASV_0262","merged",1569
"ASV_1798",8,1,"ASV_1798","parent",1570
"ASV_1815",8,1,"ASV_1815","parent",1571
"ASV_1799",8,1,"ASV_1799","parent",1572
"ASV_1804",8,1,"ASV_1804","parent",1573
"ASV_1803",8,1,"ASV_1803","parent",1574
"ASV_1805",8,1,"ASV_1805","parent",1575
"ASV_1801",8,1,"ASV_1801","parent",1576
"ASV_1818",8,1,"ASV_1818","parent",1577
"ASV_1843",7,1,"ASV_0002","merged",1581
"ASV_1830",7,1,"ASV_1830","parent",1582
"ASV_1835",7,1,"ASV_1835","parent",1583
"ASV_1846",7,1,"ASV_0001","merged",1584
"ASV_1842",7,1,"ASV_0018","merged",1585
"ASV_1832",7,1,"ASV_0303","merged",1586
"ASV_1844",7,1,"ASV_1844","parent",1587
"ASV_1837",7,1,"ASV_1837","parent",1588
"ASV_1833",7,1,"ASV_1833","parent",1589
"ASV_1836",7,1,"ASV_1836","parent",1590
"ASV_1839",7,1,"ASV_0576","merged",1591
"ASV_1828",7,1,"ASV_1828","parent",1592
"ASV_1826",7,1,"ASV_0002","merged",1593
"ASV_1849",7,1,"ASV_1849","parent",1594
"ASV_1851",7,1,"ASV_1851","parent",1595
"ASV_1838",7,1,"ASV_1838","parent",1596
"ASV_1840",7,1,"ASV_1840","parent",1597
"ASV_1850",7,1,"ASV_1850","parent",1598
"ASV_1868",6,1,"ASV_1868","parent",1602
"ASV_1879",6,1,"ASV_1879","parent",1603
"ASV_1866",6,1,"ASV_1866","parent",1604
"ASV_1853",6,1,"ASV_0004","merged",1605
"ASV_1861",6,1,"ASV_1861","parent",1606
"ASV_1864",6,1,"ASV_0260","merged",1607
"ASV_1873",6,1,"ASV_1873","parent",1608
"ASV_1857",6,1,"ASV_0012","merged",1609
"ASV_1880",6,1,"ASV_1880","parent",1610
"ASV_1860",6,1,"ASV_1860","parent",1611
"ASV_1869",6,1,"ASV_1869","parent",1612
"ASV_1872",6,1,"ASV_0029","merged",1613
"ASV_1858",6,1,"ASV_0020","merged",1614
"ASV_1856",6,1,"ASV_1856","parent",1615
"ASV_1862",6,1,"ASV_0031","merged",1616
"ASV_1854",6,1,"ASV_0267","merged",1617
"ASV_1867",6,1,"ASV_1867","parent",1618
"ASV_1855",6,1,"ASV_1855","parent",1619
"ASV_1876",6,1,"ASV_1876","parent",1620
"ASV_1900",5,1,"ASV_1900","parent",1624
"ASV_1902",5,1,"ASV_1902","parent",1625
"ASV_1901",5,1,"ASV_1901","parent",1626
"ASV_1909",5,1,"ASV_0006","merged",1627
"ASV_1896",5,1,"ASV_0063","merged",1628
"ASV_1883",5,1,"ASV_0002","merged",1629
"ASV_1894",5,1,"ASV_1894","parent",1630
"ASV_1895",5,1,"ASV_1895","parent",1631
"ASV_1903",5,1,"ASV_1903","parent",1632
"ASV_1897",5,1,"ASV_1897","parent",1633
"ASV_1893",5,1,"ASV_0003","merged",1634
"ASV_1891",5,1,"ASV_0541","merged",1635
"ASV_1888",5,1,"ASV_1888","parent",1636
"ASV_1892",5,1,"ASV_1892","parent",1637
"ASV_1885",5,1,"ASV_0020","merged",1638
"ASV_1886",5,1,"ASV_0012","merged",1639
"ASV_1899",5,1,"ASV_1899","parent",1640
"ASV_1884",5,1,"ASV_1884","parent",1641
"ASV_1889",5,1,"ASV_0006","merged",1642
"ASV_1908",5,1,"ASV_1908","parent",1643
"ASV_1907",5,1,"ASV_1907","parent",1644
"ASV_1911",5,1,"ASV_1911","parent",1645
"ASV_1947",4,1,"ASV_1947","parent",1652
"ASV_1917",4,1,"ASV_1917","parent",1653
"ASV_1926",4,1,"ASV_1926","parent",1654
"ASV_1919",4,1,"ASV_1919","parent",1655
"ASV_1954",4,1,"ASV_0001","merged",1656
"ASV_1921",4,1,"ASV_0004","merged",1657
"ASV_1927",4,1,"ASV_0011","merged",1658
"ASV_1916",4,1,"ASV_0002","merged",1659
"ASV_1923",4,1,"ASV_1923","parent",1660
"ASV_1944",4,1,"ASV_0070","merged",1661
"ASV_1950",4,1,"ASV_1950","parent",1662
"ASV_1931",4,1,"ASV_1931","parent",1663
"ASV_1936",4,1,"ASV_1936","parent",1664
"ASV_1951",4,1,"ASV_1951","parent",1665
"ASV_1937",4,1,"ASV_1937","parent",1666
"ASV_1940",4,1,"ASV_1940","parent",1667
"ASV_1920",4,1,"ASV_1920","parent",1668
"ASV_1929",4,1,"ASV_1929","parent",1669
"ASV_1928",4,1,"ASV_1928","parent",1670
"ASV_1930",4,1,"ASV_1930","parent",1671
"ASV_1933",4,1,"ASV_1933","parent",1672
"ASV_1958",4,1,"ASV_1958","parent",1673
"ASV_1953",4,1,"ASV_1953","parent",1674
"ASV_1948",4,1,"ASV_1948","parent",1675
"ASV_1935",4,1,"ASV_1935","parent",1676
"ASV_2000",3,1,"ASV_2000","parent",1680
"ASV_1998",3,1,"ASV_1998","parent",1681
"ASV_1968",3,1,"ASV_1968","parent",1682
"ASV_1970",3,1,"ASV_1711","merged",1683
"ASV_1990",3,1,"ASV_1990","parent",1684
"ASV_2019",3,1,"ASV_0004","merged",1685
"ASV_2015",3,1,"ASV_0001","merged",1686
"ASV_2020",3,1,"ASV_0002","merged",1687
"ASV_2003",3,1,"ASV_2003","parent",1688
"ASV_2008",3,1,"ASV_2008","parent",1689
"ASV_1965",3,1,"ASV_1965","parent",1690
"ASV_1992",3,1,"ASV_1992","parent",1691
"ASV_1972",3,1,"ASV_0611","merged",1692
"ASV_1967",3,1,"ASV_0256","merged",1693
"ASV_1984",3,1,"ASV_0012","merged",1694
"ASV_1971",3,1,"ASV_0018","merged",1695
"ASV_1975",3,1,"ASV_1975","parent",1696
"ASV_1966",3,1,"ASV_1966","parent",1697
"ASV_1997",3,1,"ASV_1997","parent",1698
"ASV_1996",3,1,"ASV_1996","parent",1699
"ASV_1985",3,1,"ASV_1985","parent",1700
"ASV_2018",3,1,"ASV_2018","parent",1701
"ASV_1974",3,1,"ASV_1974","parent",1702
"ASV_1987",3,1,"ASV_1987","parent",1703
"ASV_1960",3,1,"ASV_1960","parent",1704
"ASV_2010",3,1,"ASV_2010","parent",1705
"ASV_1961",3,1,"ASV_1961","parent",1706
"ASV_1964",3,1,"ASV_1964","parent",1707
"ASV_1979",3,1,"ASV_1979","parent",1708
"ASV_1980",3,1,"ASV_1980","parent",1709
"ASV_1981",3,1,"ASV_1981","parent",1710
"ASV_1983",3,1,"ASV_1983","parent",1711
"ASV_1988",3,1,"ASV_1988","parent",1712
"ASV_1989",3,1,"ASV_1989","parent",1713
"ASV_1978",3,1,"ASV_1978","parent",1714
"ASV_1976",3,1,"ASV_1976","parent",1715
"ASV_1973",3,1,"ASV_1973","parent",1716
"ASV_1962",3,1,"ASV_0586","merged",1717
"ASV_2001",3,1,"ASV_2001","parent",1718
"ASV_1995",3,1,"ASV_1995","parent",1719
"ASV_2009",3,1,"ASV_2009","parent",1720
"ASV_2101",2,1,"ASV_0009","merged",1726
"ASV_2096",2,1,"ASV_2096","parent",1727
"ASV_2102",2,1,"ASV_2102","parent",1728
"ASV_2074",2,1,"ASV_2074","parent",1729
"ASV_2045",2,1,"ASV_2045","parent",1730
"ASV_2087",2,1,"ASV_2087","parent",1731
"ASV_2077",2,1,"ASV_2077","parent",1732
"ASV_2051",2,1,"ASV_2051","parent",1733
"ASV_2039",2,1,"ASV_2039","parent",1734
"ASV_2095",2,1,"ASV_1490","merged",1735
"ASV_2113",2,1,"ASV_2113","parent",1736
"ASV_2085",2,1,"ASV_2085","parent",1737
"ASV_2026",2,1,"ASV_0004","merged",1738
"ASV_2060",2,1,"ASV_2060","parent",1739
"ASV_2027",2,1,"ASV_0004","merged",1740
"ASV_2103",2,1,"ASV_2103","parent",1741
"ASV_2100",2,1,"ASV_2100","parent",1742
"ASV_2092",2,1,"ASV_2092","parent",1743
"ASV_2108",2,1,"ASV_2108","parent",1744
"ASV_2067",2,1,"ASV_2067","parent",1745
"ASV_2053",2,1,"ASV_2053","parent",1746
"ASV_2040",2,1,"ASV_2040","parent",1747
"ASV_2049",2,1,"ASV_0260","merged",1748
"ASV_2046",2,1,"ASV_2046","parent",1749
"ASV_2042",2,1,"ASV_0004","merged",1750
"ASV_2024",2,1,"ASV_0004","merged",1751
"ASV_2058",2,1,"ASV_2058","parent",1752
"ASV_2062",2,1,"ASV_2062","parent",1753
"ASV_2064",2,1,"ASV_2064","parent",1754
"ASV_2076",2,1,"ASV_0012","merged",1755
"ASV_2033",2,1,"ASV_0003","merged",1756
"ASV_2061",2,1,"ASV_2061","parent",1757
"ASV_2055",2,1,"ASV_2055","parent",1758
"ASV_2032",2,1,"ASV_2032","parent",1759
"ASV_2071",2,1,"ASV_2071","parent",1760
"ASV_2111",2,1,"ASV_2111","parent",1761
"ASV_2083",2,1,"ASV_2083","parent",1762
"ASV_2038",2,1,"ASV_2038","parent",1763
"ASV_2037",2,1,"ASV_2037","parent",1764
"ASV_2056",2,1,"ASV_2056","parent",1765
"ASV_2063",2,1,"ASV_2063","parent",1766
"ASV_2066",2,1,"ASV_2066","parent",1767
"ASV_2057",2,1,"ASV_2057","parent",1768
"ASV_2031",2,1,"ASV_0330","merged",1769
"ASV_2073",2,1,"ASV_2073","parent",1770
"ASV_2072",2,1,"ASV_2072","parent",1771
"ASV_2065",2,1,"ASV_2065","parent",1772
"ASV_2069",2,1,"ASV_2069","parent",1773
"ASV_2052",2,1,"ASV_1867","merged",1774
"ASV_2030",2,1,"ASV_1424","merged",1775
"ASV_2112",2,1,"ASV_2112","parent",1776
"ASV_2054",2,1,"ASV_2054","parent",1777
"ASV_2094",2,1,"ASV_2094","parent",1778
"ASV_2029",2,1,"ASV_2029","parent",1779
"ASV_2041",2,1,"ASV_1217","merged",1780
"ASV_2044",2,1,"ASV_0010","merged",1781
"ASV_2043",2,1,"ASV_0254","merged",1782
"ASV_2099",2,1,"ASV_2099","parent",1783
"ASV_2089",2,1,"ASV_2089","parent",1784
"ASV_2082",2,1,"ASV_2082","parent",1785
"ASV_2106",2,1,"ASV_2106","parent",1786
"ASV_2050",2,1,"ASV_2050","parent",1787
"ASV_2179",1,1,"ASV_1900","merged",1788
"ASV_2177",1,1,"ASV_2177","parent",1789
"ASV_2178",1,1,"ASV_2178","parent",1790
"ASV_2173",1,1,"ASV_0594","merged",1791
"ASV_2186",1,1,"ASV_2186","parent",1792
"ASV_2150",1,1,"ASV_0594","merged",1793
"ASV_2189",1,1,"ASV_2189","parent",1794
"ASV_2170",1,1,"ASV_1237","merged",1795
"ASV_2130",1,1,"ASV_1237","merged",1796
"ASV_2185",1,1,"ASV_2185","parent",1797
"ASV_2140",1,1,"ASV_1105","merged",1798
"ASV_2188",1,1,"ASV_2188","parent",1799
"ASV_2157",1,1,"ASV_1380","merged",1800
"ASV_2127",1,1,"ASV_2127","parent",1801
"ASV_2180",1,1,"ASV_2180","parent",1802
"ASV_2151",1,1,"ASV_1497","merged",1803
"ASV_2116",1,1,"ASV_0001","merged",1804
"ASV_2121",1,1,"ASV_0001","merged",1805
"ASV_2114",1,1,"ASV_0001","merged",1806
"ASV_2156",1,1,"ASV_0263","merged",1807
"ASV_2187",1,1,"ASV_0011","merged",1808
"ASV_2128",1,1,"ASV_0022","merged",1809
"ASV_2126",1,1,"ASV_0009","merged",1810
"ASV_2183",1,1,"ASV_0018","merged",1811
"ASV_2176",1,1,"ASV_2176","parent",1812
"ASV_2120",1,1,"ASV_2120","parent",1813
"ASV_2145",1,1,"ASV_0001","merged",1814
"ASV_2146",1,1,"ASV_0005","merged",1815
"ASV_2166",1,1,"ASV_0001","merged",1816
"ASV_2172",1,1,"ASV_0029","merged",1817
"ASV_2117",1,1,"ASV_0024","merged",1818
"ASV_2161",1,1,"ASV_0033","merged",1819
"ASV_2118",1,1,"ASV_0523","merged",1820
"ASV_2168",1,1,"ASV_2168","parent",1821
"ASV_2124",1,1,"ASV_0057","merged",1822
"ASV_2141",1,1,"ASV_2141","parent",1823
"ASV_2163",1,1,"ASV_2163","parent",1824
"ASV_2155",1,1,"ASV_2155","parent",1825
"ASV_2132",1,1,"ASV_2132","parent",1826
"ASV_2129",1,1,"ASV_2129","parent",1827
"ASV_2125",1,1,"ASV_2125","parent",1828
"ASV_2174",1,1,"ASV_0001","merged",1829
"ASV_2167",1,1,"ASV_2167","parent",1830
"ASV_2139",1,1,"ASV_2139","parent",1831
"ASV_2135",1,1,"ASV_2135","parent",1832
"ASV_2142",1,1,"ASV_0002","merged",1833
"ASV_2153",1,1,"ASV_2153","parent",1834
"ASV_2119",1,1,"ASV_0021","merged",1835
"ASV_2160",1,1,"ASV_2160","parent",1836
"ASV_2143",1,1,"ASV_2143","parent",1837
"ASV_2184",1,1,"ASV_2184","parent",1838
"ASV_2158",1,1,"ASV_2158","parent",1839
"ASV_2159",1,1,"ASV_2159","parent",1840
"ASV_2175",1,1,"ASV_0020","merged",1841
"ASV_2190",1,1,"ASV_0009","merged",1842
"ASV_2122",1,1,"ASV_0184","merged",1843
"ASV_2123",1,1,"ASV_0020","merged",1844
"ASV_2115",1,1,"ASV_2115","parent",1845
"ASV_2144",1,1,"ASV_2144","parent",1846
"ASV_2162",1,1,"ASV_2162","parent",1847
"ASV_2181",1,1,"ASV_0318","merged",1848
"ASV_2152",1,1,"ASV_1028","merged",1849
"ASV_2134",1,1,"ASV_2134","parent",1850
"ASV_2137",1,1,"ASV_0995","merged",1851
"ASV_2131",1,1,"ASV_0924","merged",1852
"ASV_2136",1,1,"ASV_2136","parent",1853
"ASV_2138",1,1,"ASV_2138","parent",1854
"ASV_2154",1,1,"ASV_0003","merged",1855
"ASV_2148",1,1,"ASV_2148","parent",1856
"ASV_2165",1,1,"ASV_2165","parent",1857
"ASV_2147",1,1,"ASV_2147","parent",1858
"ASV_2149",1,1,"ASV_2149","parent",1859
"ASV_2171",1,1,"ASV_2171","parent",1860
"ASV_2169",1,1,"ASV_2169","parent",1861
"ASV_2133",1,1,"ASV_2133","parent",1862
"ASV_2164",1,1,"ASV_0010","merged",1863
